Specification_Type,Value,Unit,Context
year,2026,,instantiation project accepted every 2 months (H1 2026) Deep Analysis & Strategic Feedback Strengths: Ex
year,2025,,r Materials Adely@CII-International.com September 2025 TABLE OF CONTENTS: Background
year,2008,,"ectors through TTT Inc Holding Group between 1985-2008, US government contracting at the Raytheon Advanc"
year,2008,,"Raytheon Advanced Technology Mission Area between 2008-2024, and Adjunct Faculty status in the College o"
year,2024,,"eon Advanced Technology Mission Area between 2008-2024, and Adjunct Faculty status in the College of Eng"
year,2012,,atus in the College of Engineering SIE Department 2012-2024. In the 2017-2020 he was part of a Raytheon
year,2024,,in the College of Engineering SIE Department 2012-2024. In the 2017-2020 he was part of a Raytheon infor
year,2017,,e of Engineering SIE Department 2012-2024. In the 2017-2020 he was part of a Raytheon informal team that
year,2020,,Engineering SIE Department 2012-2024. In the 2017-2020 he was part of a Raytheon informal team that led
year,2019,,"(RAMTDR) under US Patents 10,421,701 B2, Sept 24, 2019 and 10,703,692 B2, Jul 7, 2020 respectively (assi"
year,2020,,"1,701 B2, Sept 24, 2019 and 10,703,692 B2, Jul 7, 2020 respectively (assigned to Raytheon Company) descr"
year,2025,,"el (see Section D, NIKET NRE SOW) Derived through 2025 from Quantum Physics First principles, and utiliz"
year,2025,,"Infrastructure NIKET North America LLC — October 2025
Status: Proprietary (Shareable without NDA). No e"
year,2022,,"use is 1–1.5% of world electricity (≈240–415 TWh, 2022–2024). Cooling’s share spans 7–30% depending on e"
year,2024,,"s 1–1.5% of world electricity (≈240–415 TWh, 2022–2024). Cooling’s share spans 7–30% depending on effici"
year,2028,,"on efficiency. U.S. demand could reach 6.7–12% by 2028.
Inventor claims (unverified): 10–100× improvemen"
year,2024,,"• Global/U.S. data-center energy: IEA, DOE, LBNL 2024.
• Quantum sensor benchmarks: NV/SQUID sensitivit"
year,2025,,r Materials Adely@CII-International.com September 2025 TABLE OF CONTENTS: Background
year,2008,,"ectors through TTT Inc Holding Group between 1985-2008, US government contracting at the Raytheon Advanc"
year,2008,,"Raytheon Advanced Technology Mission Area between 2008-2024, and Adjunct Faculty status in the College o"
year,2024,,"eon Advanced Technology Mission Area between 2008-2024, and Adjunct Faculty status in the College of Eng"
year,2012,,atus in the College of Engineering SIE Department 2012-2024. In the 2017-2020 he was part of a Raytheon
year,2024,,in the College of Engineering SIE Department 2012-2024. In the 2017-2020 he was part of a Raytheon team
year,2017,,e of Engineering SIE Department 2012-2024. In the 2017-2020 he was part of a Raytheon team that led to C
year,2020,,Engineering SIE Department 2012-2024. In the 2017-2020 he was part of a Raytheon team that led to Co-Inv
year,2019,,"(RAMTDR) under US Patents 10,421,701 B2, Sept 24, 2019 and 10,703,692 B2, Jul 7, 2020 respectively (assi"
year,2020,,"1,701 B2, Sept 24, 2019 and 10,703,692 B2, Jul 7, 2020 respectively (assigned to Raytheon Company) descr"
year,2025,,"el (see Section D, NIKET NRE SOW) Derived through 2025 from Quantum Physics First principles, and utiliz"
trl_level,3-4,,DOE optimization (AI/HPC/Quantum) – $110K Task 3: TRL 3-4 prototype systems engineering – $190K Task 4: TRL
trl_level,5-6,,3-4 prototype systems engineering – $190K Task 4: TRL 5-6 Lab integration – $110K Task 5: TRL 7 demo/LRIP m
trl_level,7,,K Task 4: TRL 5-6 Lab integration – $110K Task 5: TRL 7 demo/LRIP manufacturing – $130K Task 6: TRL 8-9 v
trl_level,8-9,,5: TRL 7 demo/LRIP manufacturing – $130K Task 6: TRL 8-9 validation and FFF packaging – $130K Business Mod
trl_level,9,,"e path from advanced material development through TRL 9 product integration, with commercial, government,"
trl_level,6-9,,hases. - Establish manufacturing partnerships for TRL 6-9 scaling. 4. Licensing & IP Commercialization Mode
trl_level,3-4,,"k 2: AI-Optimized DOE (6,561 simulations)
Task 3: TRL 3-4 Prototyping
Task 4: Beta Manufacturing & Integrat"
trl_level,4,,icensing model based on “Task 4+ instantiations” (TRL 4–9 readiness). Licensing structure allows exclusiv
trl_level,1,,"s. Non-Recurring Engineering (NRE): staged tasks (TRL 1–9), ~54 weeks cycle, ~$770K per use case instanti"
trl_level,3-4,,8 calendar weeks/1100 Eng Hrs/$110K Task 3: AI SE TRL 3-4 Prototypes: NTE 12 calendar week/1840 Eng Hrs/$19
trl_level,6,,dentified/Processes and Procedures in Beta Test ; TRL 6 High Fidelity Lab integration of “x” Devices in S
trl_level,7,,NIKET PROPRIETARY CII NIKET TASK 5: Description: TRL 7 detailed device design; MRL 7 manufacturing proce
trl_level,7,,environment with clear risk register established; TRL 7 demonstration of actual devices in operational en
trl_level,8,,ineering Hrs/$130K CII NIKET TASK 6: Description: TRL 8 final device configuration design completed and q
trl_level,8,,sign and manufacturing processes are locked down; TRL 8/MRL 9 integration of device into a opertional FFF
trl_level,1-9,,TOTALS FOR EACH USE CASE DESIGN OPTIMIZATION NRE TRL 1-9 Schedule: Maximum 54 calendar weeks (can be accel
trl_level,3-4,,"optimized on HPC/Quantum computers. Task 3: AI SE TRL 3-4 Prototypes → $190K, 1900 hrs, 12 wks. 100 fabrica"
trl_level,6,,"totypes. Task 4: Manufacturability Beta (MRL 4-5, TRL 6) → $110K, 1100 hrs, 10 wks. Integration into simu"
trl_level,7,,"o simulated environments. Task 5: Pre-production (TRL 7, MRL 7-8) → $130K, 1300 hrs, 8 wks. Representativ"
trl_level,8-9,,"rate initial manufacturing. Task 6: Final Device (TRL 8-9) → $130K, 1300 hrs, 8 wks. Full system integratio"
trl_level,1-3,,levance across all 16 DHS sectors. Prototype gap: TRL 1-3 largely theoretical; few devices demonstrated. Fu
trl_level,4,,ed business plan. Prototype gap: Tasks 1–3 (up to TRL 4) are mostly modelling and prototype fabrication;
trl_level,3-4,,"optimized on HPC/Quantum computers. Task 3: AI SE TRL 3-4 Prototypes → $190K, 1900 hrs, 12 wks. 100 fabrica"
trl_level,6,,"totypes. Task 4: Manufacturability Beta (MRL 4-5, TRL 6) → $110K, 1100 hrs, 10 wks. Integration into simu"
trl_level,7,,"o simulated environments. Task 5: Pre-production (TRL 7, MRL 7-8) → $130K, 1300 hrs, 8 wks. Representativ"
trl_level,8-9,,"rate initial manufacturing. Task 6: Final Device (TRL 8-9) → $130K, 1300 hrs, 8 wks. Full system integratio"
trl_level,1-3,,levance across all 16 DHS sectors. Prototype gap: TRL 1-3 largely theoretical; few devices demonstrated. Fu
trl_level,4,,ed business plan. Prototype gap: Tasks 1–3 (up to TRL 4) are mostly modelling and prototype fabrication;
trl_level,3-4,,8 calendar weeks/1100 Eng Hrs/$110K Task 3: AI SE TRL 3-4 Prototypes: NTE 12 calendar week/1840 Eng Hrs/$19
trl_level,6,,dentified/Processes and Procedures in Beta Test ; TRL 6 High Fidelity Lab integration of “x” Devices in S
trl_level,7,,ess to UA MSE Labs CII NIKET TASK 5: Description: TRL 7 detailed device design; MRL 7 manufacturing proce
trl_level,7,,environment with clear risk register established; TRL 7 demonstration of actual devices in operational en
trl_level,8,,ineering Hrs/$130K CII NIKET TASK 6: Description: TRL 8 final device configuration design completed and q
trl_level,8,,sign and manufacturing processes are locked down; TRL 8/MRL 9 integration of device into a opertional FFF
trl_level,1-9,,TOTALS FOR EACH USE CASE DESIGN OPTIMIZATION NRE TRL 1-9 Schedule: Maximum 54 calendar weeks (can be accel
signal_improvement,120,dB,"r/Emitter Parameters: NEP 0.01–1 pW/Hz^0.5, SNR > 120dB, FOM > 2500, Sub-150nm resolution Applicable to 6"
signal_improvement,140,dB,/sqr Hz Highest Signal to  Noise Ratio (SNR): 100-140 dB Peak Q-Factor: Greater than 1000 Figure of Merit
signal_improvement,110,dB,Range: 0.1 to 10 THz Dynamic Range : Higher than 110 dB Response Time: Less than 150 picoseconds Subwavel
signal_improvement,35,dB,"er noise Highest Signal to  Noise Ratio (SNR): 25-35 dB Q-Factor: 1500-15,000 Figure of Merit (FOM): 1-2"
signal_improvement,70,dB,ization Values Targets: Power: 60 kW-1MW EIRP: 30-70 dBmi Scan Ratio: <20 sec/volume Frequency Range: 2.3
time_period,1,year,"gineering process totaling $770K, 7,700 Hrs over ~1 year: Task 1: Quantum modeling (DFT, CWF) – $100K Task"
time_period,2,months,acity: 1 new instantiation project accepted every 2 months (H1 2026) Deep Analysis & Strategic Feedback Stre
time_period,2,months,Team Bandwidth: Limiting new projects to 1 every 2 months caps revenue potential and may deter large corpor
time_period,54,weeks,"rring Engineering (NRE): staged tasks (TRL 1–9), ~54 weeks cycle, ~$770K per use case instantiation. 5. Scop"
time_period,54,weeks,"ation, test, verification, and lock-down. Totals: 54 weeks, 7,700 hrs, $770K. Investor Relevance Provides a"
time_period,1,year,quirement: Each instantiation requires ~$770K and 1 year. Dependence on AI accuracy: DOE simulations must
time_period,54,weeks,"r Tasks 4–6: Total NRE per instantiation is up to 54 weeks, 7 700 engineering hours and approximately $770 K"
time_period,54,weeks,"only emerge after Task 6. Each use case requires ~54 weeks and $770 K, so progress will depend on capital an"
time_period,54,weeks,"ation, test, verification, and lock-down. Totals: 54 weeks, 7,700 hrs, $770K. Investor Relevance Provides a"
time_period,1,year,quirement: Each instantiation requires ~$770K and 1 year. Dependence on AI accuracy: DOE simulations must
time_period,54,weeks,"r Tasks 4–6: Total NRE per instantiation is up to 54 weeks, 7 700 engineering hours and approximately $770 K"
time_period,54,weeks,"only emerge after Task 6. Each use case requires ~54 weeks and $770 K, so progress will depend on capital an"
time_period,8,weeks,"1: Optimized Sensor Physics Quantum Modeling (NTE 8 weeks, NTE $100K, TRL/MRL 3) Task 2: Optimized AI Desig"
time_period,8,weeks,"Optimized AI Design of Experiments (Modeling (NTE 8 weeks, NTE $110K TRL/MRL 4). Task 3: Sensor Prototype F"
time_period,12,weeks,"MRL 4). Task 3: Sensor Prototype Fabrication (NTE 12 weeks, NTE $190K, TRL/MRL 5/6). Task 4: Beta Testing  ("
time_period,10,weeks,"E $190K, TRL/MRL 5/6). Task 4: Beta Testing  (NTE 10 weeks, NTE $110K, TRL/MRL 7. Task 5: Low Rate Initial P"
time_period,8,weeks,"L/MRL 7. Task 5: Low Rate Initial Production (NTE 8 weeks, NTE $130K, TRL/MRL 8). Task 6: Device Integratio"
time_period,8,weeks,"k 6: Device Integration/Full Rate Production (NTE 8 weeks, NTE $130K, TRL/MRL 9).
Deliverables include pate"
temperature,12,c,"to 22 quantum-optimized materials (10 disclosed; 12 confidential), enabling: Ultra-high bondon density"
temperature,770,K,"Model 6-Task staged engineering process totaling $770K, 7,700 Hrs over ~1 year: Task 1: Quantum modeling"
temperature,100,K,"r ~1 year: Task 1: Quantum modeling (DFT, CWF) – $100K Task 2: DOE optimization (AI/HPC/Quantum) – $110K"
temperature,110,K,100K Task 2: DOE optimization (AI/HPC/Quantum) – $110K Task 3: TRL 3-4 prototype systems engineering – $
temperature,190,K,Task 3: TRL 3-4 prototype systems engineering – $190K Task 4: TRL 5-6 Lab integration – $110K Task 5: T
temperature,110,K,eering – $190K Task 4: TRL 5-6 Lab integration – $110K Task 5: TRL 7 demo/LRIP manufacturing – $130K Tas
temperature,130,K,– $110K Task 5: TRL 7 demo/LRIP manufacturing – $130K Task 6: TRL 8-9 validation and FFF packaging – $1
temperature,130,K,K Task 6: TRL 8-9 validation and FFF packaging – $130K Business Model & IP Strategy Licensing: Field-of-
temperature,25,K,ntiation Partners Structured Gate Funding Model ($25K prepay + 3 milestone-linked payments per task) Gl
temperature,770,K,"ategy Total NRE Cost per use case instantiation: $770K (7,700 engineering hours). Capital will be syndic"
temperature,770,K,"(NRE): staged tasks (TRL 1–9), ~54 weeks cycle, ~$770K per use case instantiation. 5. Scope Boundaries T"
temperature,3,C,-SMEC) Materials Taxonomy                     p 2-3 CII NIKET SMEC Licensing Program
temperature,9,C,ase/DoD/Intel                                 p 4-9 CISA Information Technology & Telecommunications Se
temperature,17,C,ergy/Energy Utilities.                       P 15-17 CISA Critical Manufacturing/Mining & Strategic Mine
temperature,18,C,p 17-18 CISA Water and Wastewater Utilities
temperature,23,C,"f Agriculture/Food Processing                p 21-23 CISA Department of Energy Oil, Gas, Chemical Facili"
temperature,24,C,p 23-24 CISA GSA Government and Commercial Facilities Civil
temperature,1,C,p 24-25 Page 1 CII NIKET PROPRIETARY CII NIKET PROPRIETARY CISA NR
temperature,27,C,ties                                         p 26-27 CISA Emergency Management Services
temperature,29,C,of Treasury/Financial Services                 p 29 CII NIKET Non Recurring Engineering Statement Of Wo
temperature,2,C,tary thin film/atomic layer/vapor deposition Page 2 CII NIKET PROPRIETARY CII NIKET PROPRIETARY process
temperature,22,C,luminum Niobium Nitrogen/Nitrides Tin Titanium 11-22        Confidential CII NIKET Q-SMEC INTELLECTUAL PROPERTY
temperature,3,C,efense/Defense Industrial Base urgent needs. Page 3 CII NIKET PROPRIETARY CII NIKET PROPRIETARY As Sect
temperature,8,c,que implementation of: Task 1: Quantum Model: NTE 8 calendar weeks/1000 Eng Hrs/ $100K Task 2: AI DOE:
temperature,100,K,uantum Model: NTE 8 calendar weeks/1000 Eng Hrs/ $100K Task 2: AI DOE: NTE 8 calendar weeks/1100 Eng Hrs
temperature,8,c,dar weeks/1000 Eng Hrs/ $100K Task 2: AI DOE: NTE 8 calendar weeks/1100 Eng Hrs/$110K Task 3: AI SE TRL
temperature,110,K,ask 2: AI DOE: NTE 8 calendar weeks/1100 Eng Hrs/$110K Task 3: AI SE TRL 3-4 Prototypes: NTE 12 calendar
temperature,12,c,g Hrs/$110K Task 3: AI SE TRL 3-4 Prototypes: NTE 12 calendar week/1840 Eng Hrs/$190K to reach Design/Me
temperature,190,K,-4 Prototypes: NTE 12 calendar week/1840 Eng Hrs/$190K to reach Design/Method Patentability Claims final
temperature,4,C,"ear, CAGR: 15% NPV 1MP License Value: $ 3.3B Page 4 CII NIKET PROPRIETARY CII NIKET PROPRIETARY Navigat"
temperature,5,C,"$13.8B, CAGR: 5% NPV 1 MP License Value: $2B Page 5 CII NIKET PROPRIETARY CII NIKET PROPRIETARY Radar S"
temperature,6,C,"ear, CAGR:  5% NPV 1 MP License Value: $300M Page 6 CII NIKET PROPRIETARY CII NIKET PROPRIETARY Fiber O"
temperature,7,C,Sub-Surface Vessels Unmanned Marine Vehicles Page 7 CII NIKET PROPRIETARY CII NIKET PROPRIETARY SMEC Ad
temperature,9,C,"Year, CAGR 13% NPV 1MP License Value: $ 422M Page 9 CII NIKET PROPRIETARY CII NIKET PROPRIETARY Thermal"
temperature,10,C,"ar, CAGR: 11% NPV 1 MP License Value: $ 1.7B Page 10 CII NIKET PROPRIETARY CII NIKET PROPRIETARY DEPARTM"
temperature,11,C,"/Year, CAGR: 8% NPV 1MP License Value: $ 99M Page 11 CII NIKET PROPRIETARY CII NIKET PROPRIETARY TESLA:"
temperature,12,C,"/Year, CAGR: 8% NPV 1MP License Value: $ 75M Page 12 CII NIKET PROPRIETARY CII NIKET PROPRIETARY MERCEDE"
temperature,13,C,"/Year, CAGR: 6% NPV 1MP License Value: $368M Page 13 CII NIKET PROPRIETARY CII NIKET PROPRIETARY Humidit"
temperature,14,C,"ar, CAGR: 8.3% NPV 1MP License Value: $ 3.3B Page 14 CII NIKET PROPRIETARY CII NIKET PROPRIEATRY MARITIM"
temperature,15,C,"Year, CAGR: 19% NPV 1MP License Value: $2.6B Page 15 CII NIKET PROPRIETARY CII NIKET PROPRIETARY Grid Lo"
temperature,16,C,"B/Year, CAGR: 8% NPV 1MP License Value: $ 2B Page 16 CII NIKET PROPRIETARY CII NIKET PROPRIETARY Utility"
temperature,5,C,trategic Mineral Detection Sensors: Very low SWaP 5 Channel Hybrid EM Solid State Sensor Node allowing
temperature,5,C,", as well as 3 Magnetic Fields (B and dB/dt).This 5 Channel Hybrid EM Solid State Sensor will greatly i"
temperature,17,C,"r, CAGR: 8.7% NPV 1 MP License Value: $ 742M Page 17 CII NIKET PROPRIETARY CII NIKET PROPRIETARY Factory"
temperature,18,C,"1.5B/Year, CAGR: 6.3% NPV 1MP License Value: Page 18 CII NIKET PROPRIETARY CII NIKET PROPRIETARY Chlorin"
temperature,19,C,"1.5B/Year, CAGR: 6.4% NPV 1MP License Value: Page 19 CII NIKET PROPRIETARY CII NIKET PROPRIETARY Pressur"
temperature,20,C,"ear, CAGR: 13% NPV 1MP License Value: $ 530M Page 20 CII NIKET PROPRIETARY CII NIKET PROPRIETARY Wearabl"
temperature,256,C,se Value: $890M Carbon Sequestration: Low SWaP-C  256 Channel AI-enabled C-NPK Solid State Sensor Node us
temperature,21,C,"ear, CAGR: 8% NPV 1 MP License Value: $ 670M Page 21 CII NIKET PROPRIETARY CII NIKET PROPRIETARY Food Sa"
temperature,22,C,"3.2B/Year, CAGR: 7.9% NPV 1MP License Value: Page 22 CII NIKET PROPRIETARY CII NIKET PROPRIETARY E-Nose"
temperature,23,C,"18M/Year, CAGR: 10.3% NPV 1MP License Value: Page 23 CII NIKET PROPRIETARY CII NIKET PROPRIETARY Hydroge"
temperature,24,C,"3.1B/Year, CAGR: 6.9% NPV 1MP License Value: Page 24 CII NIKET PROPRIETARY CII NIKET PROPRIETARY Fiber O"
temperature,25,C,"EC Addressable Market: $ 4.3B/Year, CAGR: 8% Page 25 CII NIKET PROPRIETARY CII NIKET PROPRIETARY CISA NR"
temperature,26,C,"$ 1.2B/Year, CAGR: 7% NPV 1MP License Value: Page 26 CII NIKET PROPRIETARY CII NIKET PROPRIETARY Water L"
temperature,27,C,"1.7B/Year, CAGR: 9.2% NPV 1MP License Value: Page 27 CII NIKET PROPRIETARY CII NIKET PROPRIETARY Hazardo"
temperature,28,C,".1B/Year, CAGR: 12.8% NPV 1MP License Value: Page 28 CII NIKET PROPRIETARY CII NIKET PROPRIETARY DEPARTM"
temperature,29,C,gy Containment (SMEC) material configuration Page 29 CII NIKET PROPRIETARY CII NIKET PROPRIETARY Q-SMEC
temperature,2,K,"lowing: Gaussian, Q-Chem, ORCA, Psi4, ESPRESSO, Cp2K, ESML Arrows, MOLCAS, PySCF. Duration: 8 Calendar"
temperature,8,C,"ESSO, Cp2K, ESML Arrows, MOLCAS, PySCF. Duration: 8 Calendar Weeks Cost: Personnel: 1000 Engineering Hr"
temperature,100,K,ndar Weeks Cost: Personnel: 1000 Engineering Hrs/$100K CII NIKET TASK 2 Description: TRL Levels 1-2 Full
temperature,940,c,ptimized Run Duration Target: HPC NTE 8 minutes = 940 calendar hrs/40 calendar days AI-optimized Run Dura
temperature,40,c,tion Target: HPC NTE 8 minutes = 940 calendar hrs/40 calendar days AI-optimized Run Duration Target: NVI
temperature,470,c,Duration Target: NVIDIA GPU CUDA NTE 4 minutes = 470 calendar hrs/20 calendar days AI-optimized Run Dura
temperature,20,c,NVIDIA GPU CUDA NTE 4 minutes = 470 calendar hrs/20 calendar days AI-optimized Run Duration Target: Qua
temperature,235,c,Duration Target: Quantum Computer NTE 2 minutes = 235 calendar hrs/10 calendar days Number of Engineering
temperature,10,c,Quantum Computer NTE 2 minutes = 235 calendar hrs/10 calendar days Number of Engineering Analysis Hrs Re
temperature,110,K,"ar Weeks Cost: Personnel: 1,100 Engineering Hrs/$ 110K Intellectual Property: Results should be ready fo"
temperature,30,C,zation for Method/Design Patent Applications Page 30 CII NIKET PROPRIETARY CII NIKET PROPRIETARY CII NIK
temperature,5,c,"s Fabrication Run: Equipment Access: UA MSE Labs, 5 calendar days/run Materials: supplied by NIKET Staf"
temperature,12,C,ing Hrs: 16 Hrs/Run (Prep/Lab/Analysis) Duration; 12 Calendar Weeks Cost: Personnel: 115 Runs/1900 Engin
temperature,190,K,s Cost: Personnel: 115 Runs/1900 Engineering Hrs/$190K Intellectual Property: Results should be ready fo
temperature,10,C,"es in Simulated Operational Environment Duration: 10 Calendar Weeks Cost: Personnel: 1,100 Engineering H"
temperature,110,K,"dar Weeks Cost: Personnel: 1,100 Engineering Hrs/$110K Equipment: Access to UA MSE Labs Page 31 CII NIKE"
temperature,31,C,g Hrs/$110K Equipment: Access to UA MSE Labs Page 31 CII NIKET PROPRIETARY CII NIKET PROPRIETARY CII NIK
temperature,8,c,"ms engineering and design requirements Duration:  8 calendar weeks Cost: Personnel: 1,300 Engineering H"
temperature,130,K,"dar weeks Cost: Personnel: 1,300 Engineering Hrs/$130K CII NIKET TASK 6: Description: TRL 8 final device"
temperature,8,c,"and manufacturing processes locked down Duration: 8 calendar weeks Cost: Personnel:  1,300 Engineering"
temperature,130,K,"ar weeks Cost: Personnel:  1,300 Engineering Hrs/$130K TOTALS FOR EACH USE CASE DESIGN OPTIMIZATION NRE"
temperature,54,c,DESIGN OPTIMIZATION NRE TRL 1-9 Schedule: Maximum 54 calendar weeks (can be accelerated per budget/staff
temperature,770,K,"ability) Staff: Cost:  7,700 Engineering Hrs/ = $ 770K AD 08302025 Page 32 CII NIKET PROPRIETAR"
temperature,32,C,"7,700 Engineering Hrs/ = $ 770K AD 08302025 Page 32 CII NIKET PROPRIETAR"
temperature,22,c,"ploited as storage reservoirs. Material Framework 22 candidate materials: Germanium, Gallium, Antimony,"
temperature,11,c,", Niobium, Tin, Titanium, Nitrogen/Nitrides, plus 11 confidential. Manufacturability: Compatible with 3D"
temperature,2,K,"tum simulation (DFT, CWF, Psi4, ORCA, Gaussian, Cp2K). Optimization for NIKET AI-SCADA industrial prot"
temperature,100,K,"Progression (Tasks 1–6) Task 1: Quantum Model → $100K, 1000 hrs, 8 wks. Build DFT/CWF computational mod"
temperature,110,K,"r SMEC material configurations. Task 2: AI DOE → $110K, 1100 hrs, 8 wks. 6,561 simulation runs, AI-optim"
temperature,190,K,"um computers. Task 3: AI SE TRL 3-4 Prototypes → $190K, 1900 hrs, 12 wks. 100 fabrication runs, 15 optim"
temperature,110,K,"ask 4: Manufacturability Beta (MRL 4-5, TRL 6) → $110K, 1100 hrs, 10 wks. Integration into simulated env"
temperature,130,K,"ments. Task 5: Pre-production (TRL 7, MRL 7-8) → $130K, 1300 hrs, 8 wks. Representative production, low-"
temperature,130,K,"manufacturing. Task 6: Final Device (TRL 8-9) → $130K, 1300 hrs, 8 wks. Full system integration, test,"
temperature,770,K,"ion, and lock-down. Totals: 54 weeks, 7,700 hrs, $770K. Investor Relevance Provides a predictable engine"
temperature,770,K,unding requirement: Each instantiation requires ~$770K and 1 year. Dependence on AI accuracy: DOE simula
temperature,22,k,"rogen/nitrides, tin and titanium—with elements 11‑22 kept confidential. The paper emphasises that these"
temperature,770,K,"weeks, 7 700 engineering hours and approximately $770 K. Investor implication: The staged TRL/MRL pathway"
temperature,4.4,C,"and HVAC‑control sensors ($4.2 B/year, 6 % CAGR). 4.4 Critical Manufacturing & Mining Strategic mineral‑d"
temperature,770,K,"ter Task 6. Each use case requires ~54 weeks and $770 K, so progress will depend on capital and staffing."
temperature,22,c,"ploited as storage reservoirs. Material Framework 22 candidate materials: Germanium, Gallium, Antimony,"
temperature,11,c,", Niobium, Tin, Titanium, Nitrogen/Nitrides, plus 11 confidential. Manufacturability: Compatible with 3D"
temperature,2,K,"tum simulation (DFT, CWF, Psi4, ORCA, Gaussian, Cp2K). Optimization for NIKET AI-SCADA industrial prot"
temperature,100,K,"Progression (Tasks 1–6) Task 1: Quantum Model → $100K, 1000 hrs, 8 wks. Build DFT/CWF computational mod"
temperature,110,K,"r SMEC material configurations. Task 2: AI DOE → $110K, 1100 hrs, 8 wks. 6,561 simulation runs, AI-optim"
temperature,190,K,"um computers. Task 3: AI SE TRL 3-4 Prototypes → $190K, 1900 hrs, 12 wks. 100 fabrication runs, 15 optim"
temperature,110,K,"ask 4: Manufacturability Beta (MRL 4-5, TRL 6) → $110K, 1100 hrs, 10 wks. Integration into simulated env"
temperature,130,K,"ments. Task 5: Pre-production (TRL 7, MRL 7-8) → $130K, 1300 hrs, 8 wks. Representative production, low-"
temperature,130,K,"manufacturing. Task 6: Final Device (TRL 8-9) → $130K, 1300 hrs, 8 wks. Full system integration, test,"
temperature,770,K,"ion, and lock-down. Totals: 54 weeks, 7,700 hrs, $770K. Investor Relevance Provides a predictable engine"
temperature,770,K,unding requirement: Each instantiation requires ~$770K and 1 year. Dependence on AI accuracy: DOE simula
temperature,22,k,"rogen/nitrides, tin and titanium—with elements 11‑22 kept confidential. The paper emphasises that these"
temperature,770,K,"weeks, 7 700 engineering hours and approximately $770 K. Investor implication: The staged TRL/MRL pathway"
temperature,4.4,C,"and HVAC‑control sensors ($4.2 B/year, 6 % CAGR). 4.4 Critical Manufacturing & Mining Strategic mineral‑d"
temperature,770,K,"ter Task 6. Each use case requires ~54 weeks and $770 K, so progress will depend on capital and staffing."
temperature,3,C,-SMEC) Materials Taxonomy                     p 2-3 CII NIKET SMEC Licensing Program
temperature,22,C,luminum Niobium Nitrogen/Nitrides Tin Titanium 11-22        Confidential CII NIKET SMEC INTELLECTUAL PROPERTY L
temperature,8,c,que implementation of: Task 1: Quantum Model: NTE 8 calendar weeks/1000 Eng Hrs/ $100K Task 2: AI DOE:
temperature,100,K,uantum Model: NTE 8 calendar weeks/1000 Eng Hrs/ $100K Task 2: AI DOE: NTE 8 calendar weeks/1100 Eng Hrs
temperature,8,c,dar weeks/1000 Eng Hrs/ $100K Task 2: AI DOE: NTE 8 calendar weeks/1100 Eng Hrs/$110K Task 3: AI SE TRL
temperature,110,K,ask 2: AI DOE: NTE 8 calendar weeks/1100 Eng Hrs/$110K Task 3: AI SE TRL 3-4 Prototypes: NTE 12 calendar
temperature,12,c,g Hrs/$110K Task 3: AI SE TRL 3-4 Prototypes: NTE 12 calendar week/1840 Eng Hrs/$190K to reach Design/Me
temperature,190,K,-4 Prototypes: NTE 12 calendar week/1840 Eng Hrs/$190K to reach Design/Method Patentability Claims final
temperature,256,C,nse Value: $ 2B Carbon Sequestration: Low SWaP-C  256 Channel AI-enabled C-NPK Solid State Sensor Node us
temperature,5,C,trategic Mineral Detection Sensors: Very low SWaP 5 Channel Hybrid EM Solid State Sensor Node allowing
temperature,5,C,", as well as 3 Magnetic Fields (B and dB/dt).This 5 Channel Hybrid EM Solid State Sensor will greatly i"
temperature,8,C,ntainment (SMEC) material configuration Duration: 8 Calendar Weeks Cost: Personnel: 1000 Engineering Hr
temperature,100,K,ndar Weeks Cost: Personnel: 1000 Engineering Hrs/$100K CII NIKET TASK 2 Description: TRL Levels 1-2 Full
temperature,940,c,ptimized Run Duration Target: HPC NTE 8 minutes = 940 calendar hrs/40 calendar days AI-optimized Run Dura
temperature,40,c,tion Target: HPC NTE 8 minutes = 940 calendar hrs/40 calendar days AI-optimized Run Duration Target: NVI
temperature,470,c,Duration Target: NVIDIA GPU CUDA NTE 4 minutes = 470 calendar hrs/20 calendar days AI-optimized Run Dura
temperature,20,c,NVIDIA GPU CUDA NTE 4 minutes = 470 calendar hrs/20 calendar days AI-optimized Run Duration Target: Qua
temperature,235,c,Duration Target: Quantum Computer NTE 2 minutes = 235 calendar hrs/10 calendar days Number of Engineering
temperature,10,c,Quantum Computer NTE 2 minutes = 235 calendar hrs/10 calendar days Number of Engineering Analysis Hrs Re
temperature,110,K,"ar Weeks Cost: Personnel: 1,100 Engineering Hrs/$ 110K Intellectual Property: Results should be ready fo"
temperature,12,C,zation for Method/Design Patent Applications Page 12 CII NIKET TASK 3: Description: TRL Levels 3-4 AI-Dr
temperature,5,c,"s Fabrication Run: Equipment Access: UA MSE Labs, 5 calendar days/run Materials: supplied by NIKET Staf"
temperature,12,C,ing Hrs: 16 Hrs/Run (Prep/Lab/Analysis) Duration; 12 Calendar Weeks Cost: Personnel: 115 Runs/1900 Engin
temperature,190,K,s Cost: Personnel: 115 Runs/1900 Engineering Hrs/$190K Intellectual Property: Results should be ready fo
temperature,10,C,"es in Simulated Operational Environment Duration: 10 Calendar Weeks Cost: Personnel: 1,100 Engineering H"
temperature,110,K,"dar Weeks Cost: Personnel: 1,100 Engineering Hrs/$110K Equipment: Access to UA MSE Labs CII NIKET TASK 5"
temperature,8,c,"eering and design requirements Page 13 Duration:  8 calendar weeks Cost: Personnel: 1,300 Engineering H"
temperature,130,K,"dar weeks Cost: Personnel: 1,300 Engineering Hrs/$130K CII NIKET TASK 6: Description: TRL 8 final device"
temperature,8,c,"and manufacturing processes locked down Duration: 8 calendar weeks Cost: Personnel:  1,300 Engineering"
temperature,130,K,"ar weeks Cost: Personnel:  1,300 Engineering Hrs/$130K TOTALS FOR EACH USE CASE DESIGN OPTIMIZATION NRE"
temperature,54,c,DESIGN OPTIMIZATION NRE TRL 1-9 Schedule: Maximum 54 calendar weeks (can be accelerated per budget/staff
temperature,770,K,"ability) Staff: Cost:  7,700 Engineering Hrs/ = $ 770K Page 14"
temperature,22,c,"mizer Q-SMEC utilizes varying quantities of up to 22 constituent elements (including Germanium, Gallium,"
temperature,5,C,"Sputter: 200–600 W, 1–10 mTorr Ar/N₂, rate 0.5 -- 5 CVD: 300–800 °C, precursor-specific; target stoichi"
temperature,800,C,"0–600 W, 1–10 mTorr Ar/N₂, rate 0.5 -- 5 CVD: 300–800 °C, precursor-specific; target stoichiometry error \"
temperature,100,K,"ensor Physics Quantum Modeling (NTE 8 weeks, NTE $100K, TRL/MRL 3) Task 2: Optimized AI Design of Experi"
temperature,110,K,"esign of Experiments (Modeling (NTE 8 weeks, NTE $110K TRL/MRL 4). Task 3: Sensor Prototype Fabrication"
temperature,190,K,"Sensor Prototype Fabrication (NTE 12 weeks, NTE $190K, TRL/MRL 5/6). Task 4: Beta Testing  (NTE 10 week"
temperature,110,K,"L 5/6). Task 4: Beta Testing  (NTE 10 weeks, NTE $110K, TRL/MRL 7. Task 5: Low Rate Initial Production ("
temperature,130,K,"5: Low Rate Initial Production (NTE 8 weeks, NTE $130K, TRL/MRL 8). Task 6: Device Integration/Full Rate"
temperature,130,K,"tegration/Full Rate Production (NTE 8 weeks, NTE $130K, TRL/MRL 9).
Deliverables include patent-ready da"
temperature,100,k,ics Parameter Optimization Values Targets: Power: 100kW-MW+ feasible Beam Quality M2: 1.1     M2: 1 to 1
temperature,10,K,"micron, 3-5 micron, 8-14 micron Operating Range: 10 Km+ Bandwidth: 100 Nm Resolution:  5-10 Micron Pico"
temperature,0.1,C,tching: Complex Permittivity: Imaginary Component 0.1 Complex Permeability: Imaginary Component 0.1 High
temperature,60,k,ics Parameter Optimization Values Targets: Power: 60 kW-1MW EIRP: 30-70 dBmi Scan Ratio: <20 sec/volume
temperature,500,k,"2.3-2.5 Ghz (S), 9.4-9.6 Ghz (X) Operating Range: 500 km + (S), 70 km+ (X) Bandwidth: 250-1000 MHz Respon"
temperature,70,k,"), 9.4-9.6 Ghz (X) Operating Range: 500 km + (S), 70 km+ (X) Bandwidth: 250-1000 MHz Response Time: Less"
temperature,4,c,achieve break-even within one year with two Task 4 conversions. Risk Register CII NIKET North America
temperature,1812,c,or EO variants. Membrane Coupons: 25 mm discs and 1812 cartridge format; stack 1–20 layers; epoxy-free edg
percentage,15,,"awareness.
 Market: $60B+ aggregate, high CAGR 6–15%. Telecom & IT
 5G/6G base stations, data center p"
percentage,42,,"Market: $30B+ annually, strong growth in Lidar (42% CAGR). Energy & Utilities
 Smart grid, microgrids"
percentage,15,,"atrol SMEC Addressable Market: $ 7.3B/Year, CAGR: 15% NPV 1MP License Value: $ 3.3B Page 4 CII NIKET PR"
percentage,7,,"AHRS) SMEC Addressable Market: $18.7B/Year, CAGR: 7% NPV 1 MP License Value: $3.4B Weapon Systems & Ta"
percentage,6,,"Seekers SMEC Addressable Market: $ 9B/year, CAGR: 6% NPV 1MP License Value: $1.5B Electronic Warfare ("
percentage,7,,"(EW) SMEC Addressable Market: $16.6B/Year, CAGR: 7% NPV 1 MP License Value: $ 3B Platform Control & M"
percentage,5,,"g (SHM) SMEC Addressable Market: $11B/Year, CAGR: 5% NPV 1 MP License Value: $ 1.6B BY SENSOR TYPE Ele"
percentage,5,,"al Imaging SMEC Addressable Market: $13.8B, CAGR: 5% NPV 1 MP License Value: $2B Page 5 CII NIKET PROP"
percentage,5,,"r Lidar SMEC Addressable Market: $12B/Year, CAGR: 5% NPV 1MP License Value: $1.7B Inertial Sensors Gyr"
percentage,5,,"nations SMEC Addressable Market: $12B/Year, CAGR: 5% NPV 1MP License Value: $1.7B Pressure Sensors Abs"
percentage,8.2,,"rential SMEC Addressable Market: $2.9B/Year, CAGR:8.2% NPV 1MP License Value: $600M Acoustic & Sonar Sen"
percentage,5,,"ensors SMEC Addressable Market: $1.8B/Year, CAGR: 5% NPV 1 MP License Value: $260M Chemical & Biologic"
percentage,5,,"sors SMEC Addressable Market: $ 2.1B/Year, CAGR:  5% NPV 1 MP License Value: $300M Page 6 CII NIKET PR"
percentage,5,,"ensors SMEC Addressable Market: $1.2B/Year, CAGR: 5% NPV 1 MP License Value: $172M MEMS (Micro-Electro"
percentage,12,,"phones SMEC Addressable Market: $16.3B/Year, CAGR:12% NPV 1 MP License Value: $ 5.1B BY PLATFORM Space/"
percentage,5,,"ockets) SMEC Addressable Market: $12B/Year, CAGR: 5% NPV 1 MP License Value: $ 1.7B Land Platforms Mil"
percentage,24,,"stems SMEC Addressable Market: $13.1B/Year, CAGR: 24% NPV 1 MP License Value: $ 17.3B Naval Platforms S"
percentage,6.1,,"RIETARY SMEC Addressable Market: 45.2B/Year, CAGR:6.1% NPV 1MP MP License Value: 7.3B BY TECHNOLOGY READ"
percentage,6,,"ting) SMEC Addressable Market: $20.8B/Year, CAGR: 6% NPV 1 MP License Value: $ 3.3B Emerging/Future Qu"
percentage,7,,"nsors SMEC Addressable Market: $ 575M/Year, CAGR: 7% NPV License Value: $ 102M Civilian Aviation Dual"
percentage,6.9,,"llites SMEC Addressable Market: $3.7B/Year, CAGR: 6.9% NPV License Value: $ 650M SMEC Use Cases in Missi"
percentage,13,,"nsors: SMEC Addressable Market: $ 1.2B/Year, CAGR 13% NPV 1MP License Value: $ 422M Page 9 CII NIKET PR"
percentage,8,,"sors: SMEC Addressable Market: $ 1.4B/Year, CAGR, 8% NPV 1MP License Value: $ 279M Acoustic DAS Sensor"
percentage,8,,"sors: SMEC Addressable Market: $ 1.5B/Year, CAGR: 8% NPV 1MP License Value: $ 299M Differential Pressu"
percentage,8,,"nsors: SMEC Addressable Market: $1.9B/Year, CAGR: 8% NPV 1MP License Value: 378M Liquid Leak Detection"
percentage,13,,"sors: SMEC Addressable Market: $ 600M/Year, CAGR: 13% NPV 1MP License Value: $ v211M Rack Power Usage E"
percentage,8,,"sors: SMEC Addressable Market: $ 4.8B/Year, CAGR: 8% NPV 1MP License Value: 960M IR Motion Sensors: SM"
percentage,8,,"ensors: SMEC Addressable Market: $ 2B/Year, CAGR: 8% NPV 1MP License Value: $399M 5G/6G CDMA TELECOMMU"
percentage,11,,"TIONS SMEC Addressable Market: $ 6.2B/Year, CAGR: 11% NPV 1 MP License Value: $ 1.7B Page 10 CII NIKET"
percentage,5,,"NSORS: SMEC Addressable Market: $ 31B/Year, CAGR: 5% NPV 1 MP License Value: $ 4.3B AGGREGATE NORTH AM"
percentage,8.2,,"NSORS: SMEC Addressable Market: $ 7.1B/Year, CAGR:8.2% NPV 1MP License Value: $ 1.4B BY CARMAKER (US/EU)"
percentage,8.2,,"FORD: SMEC Addressable Market: $525M/Year, CAGR: 8.2% NPV 1MP License Value: $ 107M GENERAL MOTORS: SME"
percentage,8.2,,"TORS: SMEC Addressable Market: $ 312M/Year, CAGR: 8.2% NPV 1MP License Value: $64M STELLANTIS: SMEC Addr"
percentage,8,,"ANTIS: SMEC Addressable Market: $500M/Year, CAGR: 8% NPV 1MP License Value: $ 99M Page 11 CII NIKET PR"
percentage,8.3,,"ESLA: SMEC Addressable Market: $ 500M/Year, CAGR: 8.3% NPV 1MP License Value: $103M HYUNDAI: SMEC Addres"
percentage,8.2,,"NDAI: SMEC Addressable Market: $ 200M/Year, CAGR: 8.2% NPV 1MP License Value: $41M HONDA: SMEC Addressab"
percentage,8.2,,"ONDA: SMEC Addressable Market: $ 400M/Year, CAGR: 8.2% NPV 1 MP License Value: $ 81M VOLKSWAGEN GROUP: S"
percentage,8.2,,"ROUP: SMEC Addressable Market: $ 280M/Year, CAGR: 8.2% NPV 1MP License Value: $ 57M BMW GROUP: SMEC Addr"
percentage,8,,"ROUP: SMEC Addressable Market: $ 380M/Year, CAGR: 8% NPV 1MP License Value: $ 75M Page 12 CII NIKET PR"
percentage,8.3,,"UP: SMEC Addressable Market: $ $ 390M/Year, CAGR: 8.3% NPV 1Mp License Value: $ 80M TOYOTA GROUP: SMEC A"
percentage,8.3,,"ROUP: SMEC Addressable Market: $ 460M/Year, CAGR: 8.3% NPV 1MP License Value: $ 95M RENAULT/NISSAN:/MITS"
percentage,8.2,,"ISHI: SMEC Addressable Market: $ 240M/Year, CAGR; 8.2% NPV 1Mp License Value: $ 49M BY SENSOR TYPES: Opt"
percentage,8.6,,"nsors: SMEC Addressable Market: $4.2B/Year, CAGR: 8.6%, NPV 1MP License Value: $ 891M External Temperatu"
percentage,6,,"sors: SMEC Addressable Market: $ 2.3B/Year, CAGR: 6% NPV 1MP License Value: $368M Page 13 CII NIKET PR"
percentage,15,,"sors: SMEC Addressable Market: $ 7.3B/Year, CAGR: 15% NPV 1MP License Value: $ 3.25B IR Camera Sensors:"
percentage,15,,"sors: SMEC Addressable Market: $ 8.8B/Year, CAGR: 15% NPV 1MP License Value: $ 3.9B LIDAR/Radar Sensors"
percentage,42,,"nsors: SMEC Addressable Market: $1.2B/Year, CAGR: 42% NPV 1MP License Value: $ 13.8B Ultrasonic Sensors"
percentage,9.2,,"sors: SMEC Addressable Market: $ 530M/Year, CAGR: 9.2% NPV 1MP License Value: $121M GPS/GNSS Navigation/"
percentage,8.3,,"nsors: SMEC Addressable Market: $ 16B/Year, CAGR: 8.3% NPV 1MP License Value: $ 3.3B Page 14 CII NIKET P"
percentage,8.2,,"HIPS: SMEC Addressable Market: $35.8B/Year, CAGR: 8.2% NPV 1 MP License Value: $ 7.3B RAIL TRANSPORT SME"
percentage,6,,"NSPORT SMEC Addressable Market: $4.3B/Year, CAGR: 6% NPV 1 MP License Value: $ 690M DEPARTMENT OF ENER"
percentage,11.8,,"er): SMEC Addressable Market: $ 21.4B/Year, CAGR: 11.8% NPV 1MP License Value: $ 6.6B Fault Detection Sen"
percentage,8,,"nsors: SMEC Addressable Market: $ 22B/Year, CAGR: 8% NPV 1MP License Value: $ 4.4B Grid Asset Monitori"
percentage,19,,"sors: SMEC Addressable Market: $ 3.6B/Year, CAGR: 19% NPV 1MP License Value: $2.6B Page 15 CII NIKET PR"
percentage,5.4,,"sors: SMEC Addressable Market: $ 5.8B/Year, CAGR: 5.4% NPV 1MP License Value: $ 870M Distributed Energy"
percentage,13,,"rs: SMEC Addressable Market: $ $ 800M/Year, CAGR: 13% NPV 1MP License Value: $ 282M Solar Cell Optimiza"
percentage,17,,"zation SMEC Addressable Market: $ 95B/Year, CAGR: 17% NPV 1MP License Value: $ 54B Advanced Battery Sto"
percentage,21,,target energy storage density improvement between 21% and 37% and energy retrieval time improvement of
percentage,37,,nergy storage density improvement between 21% and 37% and energy retrieval time improvement of up to 46
percentage,46,,7% and energy retrieval time improvement of up to 46%. It is anticipated that the SMEC design will oper
percentage,9,,"lipsoid SMEC Addressable Market: $25B/Year, CAGR: 9% NPV 1 MP License Value: $5.6B Small Modular Nucle"
percentage,8,,"eactors SMEC Addressable Market: $10B/Year, CAGR: 8% NPV 1MP License Value: $ 2B Page 16 CII NIKET PRO"
percentage,14.3,,"oring SMEC Addressable Market: $ 8.7B/Year, CAGR: 14.3% NPV 1 MP License Value: $ 3.6B Facilities Energy"
percentage,11.6,,"sors: SMEC Addressable Market: $ 3.7B/Year, CAGR: 11.6% NPV 1MP License Value: HVAC Controls Sensors: SME"
percentage,6,,"sors: SMEC Addressable Market: $  4.2B/Year, CAGR 6% NPV 1MP License Value: CISA/CRITICAL MANUFACTURIN"
percentage,8.7,,"ncing. SMEC Addressable Market: $1.5B/Year, CAGR: 8.7% NPV 1 MP License Value: $ 742M Page 17 CII NIKET"
percentage,6,,"tion: SMEC Addressable Market: $25.5B/Year, CAGR: 6% NPV 1 MP License Value: $4.1B Quality Control SME"
percentage,6,,"ntrol SMEC Addressable Market: $10.5B/Year, CAGR: 6% NPV 1MP License Value: $ 1.7B CISA/WATER AND WAST"
percentage,6,,"nsors: SMEC Addressable Market: $1.2B/Year, CAGR: 6% NPV MP License Value: $442M Desalination Material"
percentage,15,,"d layered oxygenated graphene material (typically 15% graphene, 80% oxidized domains), producible in mo"
percentage,80,,"enated graphene material (typically 15% graphene, 80% oxidized domains), producible in monolayer and st"
percentage,99.9,,"le in polyamide membrane materials) and providing 99.9% salt rejection, in all 6 major salt rejection mec"
percentage,6.3,,"sors: SMEC Addressable Market: $ 1.5B/Year, CAGR: 6.3% NPV 1MP License Value: Page 18 CII NIKET PROPRIET"
percentage,8,,"nsors SMEC Addressable Market: $ 1.1B/Year, CAGR: 8% NPV 1MP License Value: Turbidity Sensors: SMEC Ad"
percentage,7.2,,"sors: SMEC Addressable Market: $ 1.4B/Year, CAGR: 7.2% NPV 1MP License Value Dissolved Oxygen Sensors: S"
percentage,7,,"sors: SMEC Addressable Market: $ 1.4B/Year, CAGR: 7% NPV 1MP License Value: Predictive Maintenance/Lea"
percentage,6,,"sors: SMEC Addressable Market: $ 560M/Year, CAGR: 6% NPV 1MP License Value: Acoustic Sensors: SMEC Add"
percentage,6.4,,"sors: SMEC Addressable Market: $ 1.5B/Year, CAGR: 6.4% NPV 1MP License Value: Page 19 CII NIKET PROPRIET"
percentage,6.3,,"sors: SMEC Addressable Market: $ 2.5B/Year, CAGR: 6.3% NPV 1MP License Value: DEPRTMENT OF HEALTH AND HU"
percentage,6,,"A-QPCR SMEC Addressable Market: $2.1B/Year, CAGR: 6% NPV 1 MP License Value: $773M Medical Devices/Pat"
percentage,15,,"sors: SMEC Addressable Market: $ 9.2B/Year, CAGR: 15% NPV 1 MP License Value: $ 4.1B Diabetes Continuou"
percentage,19,,"ors: SMEC Addressable Market: $ 13.7B/Year, CAGR: 19% NPV 1 MP License Value: $ 9.9B ECG/EEG Electroche"
percentage,13,,"sors: SMEC Addressable Market: $ 1.5B/Year, CAGR: 13% NPV 1MP License Value: $ 530M Page 20 CII NIKET P"
percentage,13.5,,"leep) SMEC Addressable Market: $ 3.9B/Year, CAGR: 13.5% NPV 1MP License Value: $ 1.5B Rehabilitation Care"
percentage,9.5,,"sors: SMEC Addressable Market: $ 1.2B/Year, CAGR: 9.5% NPV 1MP License Value: $ 282 M Robotic Surgical T"
percentage,6,,"quipment SMEC Addressable Market: $8B/Year, CAGR: 6% NPV 1 MP License Value: $ 1.3B Blood Management S"
percentage,11.8,,"toring SMEC Addressable Market: $2.9B/Year, CAGR: 11.8% NPV 1 MP License Value: $890M Carbon Sequestratio"
percentage,8,,"SMEC Addressable Market Value: $3.5B/Year, CAGR: 8% NPV 1 MP License Value: $ 670M Page 21 CII NIKET"
percentage,8.75,,"sors: SMEC Addressable Market: $ 8.5B/Year, CAGR: 8.75% NPV 1MP License Value: Humidity Sensors: SMEC Add"
percentage,11,,"ensors: SMEC Addressable Market: $ 7B/Year, CAGR: 11% NPV 1MP License Value: pH Sensors: SMEC Addressab"
percentage,5,,"sors: SMEC Addressable Market: $ 1.7B/Year, CAGR: 5% NPV 1MP License Value: Gas Sensors: SMEC Addressa"
percentage,5,,"sors: SMEC Addressable Market: $ 1.6B/Year, CAGR: 5% NPV 1MP License Value: Optical Sensors: SMEC Addr"
percentage,6,,"sors: SMEC Addressable Market: $ 4.6B/Year, CAGR: 6% NPV 1MP License Value: Pressure Sensors: SMEC Add"
percentage,4.3,,"sors: SMEC Addressable Market: $ 2.9B/Year, CAGR: 4.3% NPV 1MP License Value: Flow Sensors: SMEC Address"
percentage,4.6,,"sors: SMEC Addressable Market: $ 2.8B/Year, CAGR: 4.6% NPV 1MP License Value: Proximity Sensors: SMEC Ad"
percentage,7.9,,"sors: SMEC Addressable Market: $ 3.2B/Year, CAGR: 7.9% NPV 1MP License Value: Page 22 CII NIKET PROPRIET"
percentage,10,,"sors: SMEC Addressable Market: $ 4.5B/Year, CAGR: 10% NPV 1MP License Value: CISA/DEPARTMENT OF ENERGY/"
percentage,7,,"sors: SMEC Addressable Market: $ 731M/Year, CAGR: 7% NPV 1MP License Value: Pressure Sensors: SMEC Add"
percentage,4,,"sors: SMEC Addressable Market: $ 3.5B/Year, CAGR: 4% Pipeline Inspection Flow Sensors: SMEC Addressabl"
percentage,5.7,,"sors: SMEC Addressable Market: $ 9.1B/Year, CAGR: 5.7% NPV 1 MP License Value: Gas Vapor Sensors: SMEC A"
percentage,8.6,,"sors: SMEC Addressable Market: $ 1.6B/Year, CAGR: 8.6% NPV 1MP License Value: Safety/Wearable Vests/Head"
percentage,10.3,,"sors: SMEC Addressable Market: $ 718M/Year, CAGR: 10.3% NPV 1MP License Value: Page 23 CII NIKET PROPRIET"
percentage,6.7,,"ors: SMEC Addressable Market: $ 1.25B/Year, CAGR: 6.7% NPV 1MP License Value: Wellhead Optimization Flui"
percentage,7.1,,"sors: SMEC Addressable Market: $ 4.6B/Year, CAGR: 7.1% NPV 1 MP License Value: Emissions Management Air"
percentage,5.5,,"nsors SMEC Addressable Market: $ 160M/Year, CAGR: 5.5% NPV 1MP License Value: Air Methane Sensors: SMEC"
percentage,10.4,,"ensors: SMEC Addressable Market: $ 500M/Year, CAGR10.4% NPV 1MP License Value: CISA GSA/GOVERNMENT & COMM"
percentage,7,,"sors: SMEC Addressable Market: $ 300M/Year, CAGR: 7% NPV 1MP License Value: Acceleration Sensors: SMEC"
percentage,6,,"sors: SMEC Addressable Market: $ 1.7B/Year, CAGR: 6% NPV 1MP License Value: Temperature Sensors: SMEC"
percentage,6.9,,"sors: SMEC Addressable Market: $ 3.1B/Year, CAGR: 6.9% NPV 1MP License Value: Page 24 CII NIKET PROPRIET"
percentage,10.2,,"sors: SMEC Addressable Market: $ 1.4B/Year, CAGR: 10.2% NPV 1MP License Value Geotechnical Piezo Sensors:"
percentage,6,,"sors: SMEC Addressable Market: $ 2.5B/Year, CAGR: 6% NPV 1MP License Value: Extensometer Sensors: SMEC"
percentage,6.1,,"sors: SMEC Addressable Market: $ 382M/Year, CAGR: 6.1% NPV 1MP License Value: Concrete Health Strength/S"
percentage,5.5,,"ors: SMEC Addressable Market: $ 3.78B/Year, CAGR: 5.5% NPV 1MP License Value: Site Monitoring GPS Sensor"
percentage,8.8,,"nsors SMEC Addressable Market: $ 3.6B/Year, CAGR: 8.8% NPV 1MP License Value: Asset Tracking Sensors: SM"
percentage,16.2,,"nsors: SMEC Addressable Market: $ 11B/Year, CAGR: 16.2% NPV 1MP License Value: AWS Weather/Noise Sensors:"
percentage,8,,"sors: SMEC Addressable Market: $ 4.3B/Year, CAGR: 8% Page 25 CII NIKET PROPRIETARY CII NIKET PROPRIETA"
percentage,6.5,,"Sensors SMEC Addressable Market: $1.3B/Year, CAGR 6.5% NPV 1MP License Value: Fiber Optic Sensors: SMEC"
percentage,8,,"sors: SMEC Addressable Market: $ 250M/Year, CAGR: 8% NPV 1MP License Value: Neutron Flux Mapping: Gamm"
percentage,8,,"nsors SMEC Addressable Market: $ 4.5B/Year, CAGR: 8% NPV 1MP License Value: Pump/Turbine Predictive Ma"
percentage,9.8,,"ensors SMEC Addressable Market: $530M/Year, CAGR: 9.8% NPV 1MP License Value: Fuel Cycle Leak Detection"
percentage,3.6,,"sors: SMEC Addressable Market: $ 220M/Year, CAGR: 3.6% NPV 1MP License Value: Flow Sensors: SMEC Address"
percentage,8.7,,"sors: SMEC Addressable Market: $ 636M/Year, CAGR: 8.7% NPV 1MP License Value: Spent Fuel Monitoring Temp"
percentage,7,,"sors: SMEC Addressable Market: $ 1.2B/Year, CAGR: 7% NPV 1MP License Value: Page 26 CII NIKET PROPRIET"
percentage,7,,"sors: SMEC Addressable Market: $ 480M/Year, CAGR: 7% NPV 1MP License Value: Radiation Detector Sensors"
percentage,7.5,,"sors: SMEC Addressable Market: $ 1.5B/Year, CAGR: 7.5% CISA/EMERGENSY MANAGEMENT SERVICES Early Warming/"
percentage,7.9,,"sors: SMEC Addressable Market: $ 1.8B/Year, CAGR: 7.9% NPV 1MP License Value: Fire Flow Sensors: SMEC Ad"
percentage,7,,"sors: SMEC Addressable Market: $ 1.1B/Year, CAGR: 7% NPV 1MP License Value: Soil Moisture Sensors: SME"
percentage,7,,"sors: SMEC Addressable Market: $ 300M/Year, CAGR: 7% NPV 1MP License Value: First Responder Wearables"
percentage,9,,"sors: SMEC Addressable Market: $ 1.2B/Year, CAGR: 9% NPV 1MP License Value: GPS/Location Sensors: SMEC"
percentage,9.2,,"sors: SMEC Addressable Market: $ 1.7B/Year, CAGR: 9.2% NPV 1MP License Value: Page 27 CII NIKET PROPRIET"
percentage,8,,"sors: SMEC Addressable Market: $ 5.6B/Year, CAGR: 8% NPV 1MP License Value: Particulate Sensors: SMEC"
percentage,8,,"SMEC Addressable Market: $ 2 Billion/Year, CAGR: 8% NPV 1MP License Value: Drone Multispectral Monito"
percentage,11,,"sors: SMEC Addressable Market: $ 850M/Year, CAGR: 11% NPV 1MP License Value: High Resolution Camera Sen"
percentage,10,,"sors: SMEC Addressable Market: $ 1.9B/Year, CAGR: 10% NPV 1MP License Value: Chemical Sensors: SMEC Add"
percentage,10,,"sors: SMEC Addressable Market: $ 1.8B/Year, CAGR: 10% NPV 1MP License Value: Automated Vehicle Accident"
percentage,12,,"sors: SMEC Addressable Market: $ 1.2B/Year, CAGR: 12% NPV 1MP License Value: GPS telematics Sensors: SM"
percentage,12.8,,"sors: SMEC Addressable Market: $ 2.1B/Year, CAGR: 12.8% NPV 1MP License Value: Page 28 CII NIKET PROPRIET"
percentage,15.3,,"sors: SMEC Addressable Market: $ 6.8B/Year, CAGR: 15.3% NPV 1MP License Value: Fraud Detection Geofencing"
percentage,15.3,,"sors: SMEC Addressable Market: $ 2.7B/Year, CAGR: 15.3% NPV 1MP License Value: Smart Asset/Usage Based In"
percentage,19.5,,"sors: SMEC Addressable Market: $ 3.2B/Year, CAGR: 19.5% E.  CII NIKET NON-RECURRING ENGINEERING (NRE) STA"
percentage,1.5,,"aselines: Global data-center electricity use is 1–1.5% of world electricity (≈240–415 TWh, 2022–2024). C"
percentage,30,,"≈240–415 TWh, 2022–2024). Cooling’s share spans 7–30% depending on efficiency. U.S. demand could reach"
percentage,12,,"ending on efficiency. U.S. demand could reach 6.7–12% by 2028.
Inventor claims (unverified): 10–100× im"
percentage,15,,"al Use Case Layer Defense / Intel ISR ($7.3B TAM, 15% CAGR). Navigation (IMU, GNSS, AHRS). EW ($16.6B T"
percentage,42,,"otive sensors ($31B TAM). LIDAR/Radar ($1.2B TAM, 42% CAGR). Aviation (ISR, GNSS). Maritime monitoring"
percentage,42,,tor TAMs range from $500M to $95B. CAGR ranges: 5–42%. Licensing NPV valuations for each use case provi
percentage,15,,"llance, Reconnaissance): Market ~$7.3 B/year with 15 % CAGR; NPV for a 1M‑patent license is $3.3 B. Navi"
percentage,7,,HRS applications yield a $18.7 B/year market with 7 % CAGR and $3.4 B NPV. Weapon systems/targeting: Ta
percentage,6,,"nd missile seekers constitute a $9 B/year market, 6 % CAGR. Electronic warfare: $16.6 B/year, 7 % CAGR."
percentage,7,,"rket, 6 % CAGR. Electronic warfare: $16.6 B/year, 7 % CAGR. Platform control & monitoring (flight contr"
percentage,5,,"on and structural‑health monitoring): $11 B/year, 5 % CAGR. Sensor‑type breakdown: EO/IR sensors ($13.8"
percentage,5,,"R. Sensor‑type breakdown: EO/IR sensors ($13.8 B, 5 % CAGR); radar sensors including LIDAR ($12 B, 5 %"
percentage,5,,"5 % CAGR); radar sensors including LIDAR ($12 B, 5 % CAGR); inertial sensors ($12 B, 5 % CAGR); pressu"
percentage,5,,"LIDAR ($12 B, 5 % CAGR); inertial sensors ($12 B, 5 % CAGR); pressure sensors ($2.9 B, 8.2 % CAGR); aco"
percentage,8.2,,"sors ($12 B, 5 % CAGR); pressure sensors ($2.9 B, 8.2 % CAGR); acoustic/sonar sensors ($1.8 B, 5 % CAGR);"
percentage,5,,"9 B, 8.2 % CAGR); acoustic/sonar sensors ($1.8 B, 5 % CAGR); chemical/biological sensors ($2.1 B, 5 % C"
percentage,5,,", 5 % CAGR); chemical/biological sensors ($2.1 B, 5 % CAGR). These markets indicate multiple licensing"
percentage,5,,global automotive sensors: $31 B/year market with 5 % CAGR; NPV $4.3 B. North America automotive sensor
percentage,8.2,,erica automotive sensors: $7.1 B/year market with 8.2 % CAGR; NPV $1.4 B. Sensor‑specific markets: LIDAR/
percentage,42,,LIDAR/Radar sensors – $1.2 B/year but a striking 42 % CAGR and $13.8 B NPV; humidity sensors – $7.3 B/y
percentage,15,,"and $13.8 B NPV; humidity sensors – $7.3 B/year, 15 % CAGR, $3.25 B NPV; IR camera sensors – $8.8 B/yea"
percentage,15,,"GR, $3.25 B NPV; IR camera sensors – $8.8 B/year, 15 % CAGR, $3.9 B NPV; GPS/GNSS/IMU navigation sensors"
percentage,8.3,,"PV; GPS/GNSS/IMU navigation sensors – $16 B/year, 8.3 % CAGR, $3.3 B NPV. The high growth rates of LIDAR,"
percentage,11.8,,"emperature, voltage, power): $21.4 B/year market; 11.8 % CAGR; $6.6 B NPV. Fault‑detection sensors: $22 B/"
percentage,8,,"$6.6 B NPV. Fault‑detection sensors: $22 B/year, 8 % CAGR, $4.4 B NPV. Grid asset‑monitoring sensors:"
percentage,19,,"NPV. Grid asset‑monitoring sensors: $3.6 B/year, 19 % CAGR, $2.6 B NPV. Solar‑cell optimisation: The la"
percentage,17,,sation: The largest single market—$95 B/year with 17 % CAGR and $54 B NPV—reflecting global demand for i
percentage,37,,Proposed SMEC‑optimized battery arrays promise 21–37 % improvement in energy‑storage density and up to 4
percentage,46,,% improvement in energy‑storage density and up to 46 % improvement in retrieval time; the market is $25
percentage,9,,in retrieval time; the market is $25 B/year with 9 % CAGR and $5.6 B NPV. Small modular nuclear reacto
percentage,8,,"dular nuclear reactors (SMRs): $10 B/year market, 8 % CAGR, $2 B NPV. Utility‑scale solar and wind turb"
percentage,14.3,,"e solar and wind turbine monitoring: $8.7 B/year, 14.3 % CAGR, $3.6 B NPV. Facilities energy management: L"
percentage,11.6,,"nagement: Lighting‑controls sensors ($3.7 B/year, 11.6 % CAGR) and HVAC‑control sensors ($4.2 B/year, 6 %"
percentage,6,,".6 % CAGR) and HVAC‑control sensors ($4.2 B/year, 6 % CAGR). 4.4 Critical Manufacturing & Mining Strate"
percentage,8.7,,vey lines. Addressable market is $1.5 B/year with 8.7 % CAGR and $742 M NPV. Factory automation/SCADA opt
percentage,6,,tion/SCADA optimisation: $25.5 B/year market with 6 % CAGR; $4.1 B NPV. Quality‑control sensors: $10.5
percentage,6,,"4.1 B NPV. Quality‑control sensors: $10.5 B/year, 6 % CAGR, $1.7 B NPV. 4.5 Water & Wastewater Hydrolog"
percentage,6,,"r Hydrology/water deposit detection: $1.2 B/year, 6 % CAGR. Desalination materials: The paper describes"
percentage,15,,"describes a layered oxygenated graphene membrane (15 % graphene, 80 % oxidised domains) that achieves 70"
percentage,80,,"ered oxygenated graphene membrane (15 % graphene, 80 % oxidised domains) that achieves 70–100 L/cm²/day/"
percentage,99.9,,"low rate than polyamide membranes—while rejecting 99.9 % of salt via six mechanisms (size exclusion, dehyd"
percentage,6,,"s). The desalination market is $20.6 B/year with ~6 % CAGR, NPV $3.3 B. Real‑time water‑quality sensors"
percentage,6.3,,"e water‑quality sensors: pH sensors ($1.5 B/year, 6.3 % CAGR), chlorine sensors ($1.1 B/year, 8 % CAGR),"
percentage,8,,"year, 6.3 % CAGR), chlorine sensors ($1.1 B/year, 8 % CAGR), turbidity sensors ($1.4 B/year, 7.2 % CAGR"
percentage,7.2,,"/year, 8 % CAGR), turbidity sensors ($1.4 B/year, 7.2 % CAGR) and dissolved‑oxygen sensors ($1.4 B/year,"
percentage,7,,"CAGR) and dissolved‑oxygen sensors ($1.4 B/year, 7 % CAGR). Predictive maintenance sensors: Vibration"
percentage,6,,"ntenance sensors: Vibration sensors ($560 M/year, 6 % CAGR) and acoustic sensors ($1.5 B/year, 6.4 % CA"
percentage,6.4,,"ear, 6 % CAGR) and acoustic sensors ($1.5 B/year, 6.4 % CAGR); pressure sensors ($2.5 B/year, 6.3 % CAGR)"
percentage,6.3,,"year, 6.4 % CAGR); pressure sensors ($2.5 B/year, 6.3 % CAGR). 4.6 Health‑care & Biosecurity Pico‑sensor"
percentage,6,,or ELISA‑qPCR biosensors: $2.1 B/year market with 6 % CAGR; $773 M NPV. Real‑time vital‑sign sensors (h
percentage,15,,"re, oxygen saturation, temperature): $9.2 B/year, 15 % CAGR; $4.1 B NPV. The paper suggests additional o"
percentage,42,,year) and automotive LIDAR/radar ($1.2 B/year but 42 % CAGR)—combine high TAM with very high growth. Hig
percentage,42,,"est‑growing segments include LIDAR/radar sensors (42 % CAGR), IR camera sensors (15 %), humidity sensors"
percentage,15,,"DAR/radar sensors (42 % CAGR), IR camera sensors (15 %), humidity sensors (15 %), solar‑cell optimisatio"
percentage,15,,"AGR), IR camera sensors (15 %), humidity sensors (15 %), solar‑cell optimisation (17 %), and real‑time v"
percentage,17,,"humidity sensors (15 %), solar‑cell optimisation (17 %), and real‑time vital‑sign sensors (15 %). These"
percentage,15,,"isation (17 %), and real‑time vital‑sign sensors (15 %). These are likely to attract early adopters and"
percentage,15,,"al Use Case Layer Defense / Intel ISR ($7.3B TAM, 15% CAGR). Navigation (IMU, GNSS, AHRS). EW ($16.6B T"
percentage,42,,"otive sensors ($31B TAM). LIDAR/Radar ($1.2B TAM, 42% CAGR). Aviation (ISR, GNSS). Maritime monitoring"
percentage,42,,tor TAMs range from $500M to $95B. CAGR ranges: 5–42%. Licensing NPV valuations for each use case provi
percentage,15,,"llance, Reconnaissance): Market ~$7.3 B/year with 15 % CAGR; NPV for a 1M‑patent license is $3.3 B. Navi"
percentage,7,,HRS applications yield a $18.7 B/year market with 7 % CAGR and $3.4 B NPV. Weapon systems/targeting: Ta
percentage,6,,"nd missile seekers constitute a $9 B/year market, 6 % CAGR. Electronic warfare: $16.6 B/year, 7 % CAGR."
percentage,7,,"rket, 6 % CAGR. Electronic warfare: $16.6 B/year, 7 % CAGR. Platform control & monitoring (flight contr"
percentage,5,,"on and structural‑health monitoring): $11 B/year, 5 % CAGR. Sensor‑type breakdown: EO/IR sensors ($13.8"
percentage,5,,"R. Sensor‑type breakdown: EO/IR sensors ($13.8 B, 5 % CAGR); radar sensors including LIDAR ($12 B, 5 %"
percentage,5,,"5 % CAGR); radar sensors including LIDAR ($12 B, 5 % CAGR); inertial sensors ($12 B, 5 % CAGR); pressu"
percentage,5,,"LIDAR ($12 B, 5 % CAGR); inertial sensors ($12 B, 5 % CAGR); pressure sensors ($2.9 B, 8.2 % CAGR); aco"
percentage,8.2,,"sors ($12 B, 5 % CAGR); pressure sensors ($2.9 B, 8.2 % CAGR); acoustic/sonar sensors ($1.8 B, 5 % CAGR);"
percentage,5,,"9 B, 8.2 % CAGR); acoustic/sonar sensors ($1.8 B, 5 % CAGR); chemical/biological sensors ($2.1 B, 5 % C"
percentage,5,,", 5 % CAGR); chemical/biological sensors ($2.1 B, 5 % CAGR). These markets indicate multiple licensing"
percentage,5,,global automotive sensors: $31 B/year market with 5 % CAGR; NPV $4.3 B. North America automotive sensor
percentage,8.2,,erica automotive sensors: $7.1 B/year market with 8.2 % CAGR; NPV $1.4 B. Sensor‑specific markets: LIDAR/
percentage,42,,LIDAR/Radar sensors – $1.2 B/year but a striking 42 % CAGR and $13.8 B NPV; humidity sensors – $7.3 B/y
percentage,15,,"and $13.8 B NPV; humidity sensors – $7.3 B/year, 15 % CAGR, $3.25 B NPV; IR camera sensors – $8.8 B/yea"
percentage,15,,"GR, $3.25 B NPV; IR camera sensors – $8.8 B/year, 15 % CAGR, $3.9 B NPV; GPS/GNSS/IMU navigation sensors"
percentage,8.3,,"PV; GPS/GNSS/IMU navigation sensors – $16 B/year, 8.3 % CAGR, $3.3 B NPV. The high growth rates of LIDAR,"
percentage,11.8,,"emperature, voltage, power): $21.4 B/year market; 11.8 % CAGR; $6.6 B NPV. Fault‑detection sensors: $22 B/"
percentage,8,,"$6.6 B NPV. Fault‑detection sensors: $22 B/year, 8 % CAGR, $4.4 B NPV. Grid asset‑monitoring sensors:"
percentage,19,,"NPV. Grid asset‑monitoring sensors: $3.6 B/year, 19 % CAGR, $2.6 B NPV. Solar‑cell optimisation: The la"
percentage,17,,sation: The largest single market—$95 B/year with 17 % CAGR and $54 B NPV—reflecting global demand for i
percentage,37,,Proposed SMEC‑optimized battery arrays promise 21–37 % improvement in energy‑storage density and up to 4
percentage,46,,% improvement in energy‑storage density and up to 46 % improvement in retrieval time; the market is $25
percentage,9,,in retrieval time; the market is $25 B/year with 9 % CAGR and $5.6 B NPV. Small modular nuclear reacto
percentage,8,,"dular nuclear reactors (SMRs): $10 B/year market, 8 % CAGR, $2 B NPV. Utility‑scale solar and wind turb"
percentage,14.3,,"e solar and wind turbine monitoring: $8.7 B/year, 14.3 % CAGR, $3.6 B NPV. Facilities energy management: L"
percentage,11.6,,"nagement: Lighting‑controls sensors ($3.7 B/year, 11.6 % CAGR) and HVAC‑control sensors ($4.2 B/year, 6 %"
percentage,6,,".6 % CAGR) and HVAC‑control sensors ($4.2 B/year, 6 % CAGR). 4.4 Critical Manufacturing & Mining Strate"
percentage,8.7,,vey lines. Addressable market is $1.5 B/year with 8.7 % CAGR and $742 M NPV. Factory automation/SCADA opt
percentage,6,,tion/SCADA optimisation: $25.5 B/year market with 6 % CAGR; $4.1 B NPV. Quality‑control sensors: $10.5
percentage,6,,"4.1 B NPV. Quality‑control sensors: $10.5 B/year, 6 % CAGR, $1.7 B NPV. 4.5 Water & Wastewater Hydrolog"
percentage,6,,"r Hydrology/water deposit detection: $1.2 B/year, 6 % CAGR. Desalination materials: The paper describes"
percentage,15,,"describes a layered oxygenated graphene membrane (15 % graphene, 80 % oxidised domains) that achieves 70"
percentage,80,,"ered oxygenated graphene membrane (15 % graphene, 80 % oxidised domains) that achieves 70–100 L/cm²/day/"
percentage,99.9,,"low rate than polyamide membranes—while rejecting 99.9 % of salt via six mechanisms (size exclusion, dehyd"
percentage,6,,"s). The desalination market is $20.6 B/year with ~6 % CAGR, NPV $3.3 B. Real‑time water‑quality sensors"
percentage,6.3,,"e water‑quality sensors: pH sensors ($1.5 B/year, 6.3 % CAGR), chlorine sensors ($1.1 B/year, 8 % CAGR),"
percentage,8,,"year, 6.3 % CAGR), chlorine sensors ($1.1 B/year, 8 % CAGR), turbidity sensors ($1.4 B/year, 7.2 % CAGR"
percentage,7.2,,"/year, 8 % CAGR), turbidity sensors ($1.4 B/year, 7.2 % CAGR) and dissolved‑oxygen sensors ($1.4 B/year,"
percentage,7,,"CAGR) and dissolved‑oxygen sensors ($1.4 B/year, 7 % CAGR). Predictive maintenance sensors: Vibration"
percentage,6,,"ntenance sensors: Vibration sensors ($560 M/year, 6 % CAGR) and acoustic sensors ($1.5 B/year, 6.4 % CA"
percentage,6.4,,"ear, 6 % CAGR) and acoustic sensors ($1.5 B/year, 6.4 % CAGR); pressure sensors ($2.5 B/year, 6.3 % CAGR)"
percentage,6.3,,"year, 6.4 % CAGR); pressure sensors ($2.5 B/year, 6.3 % CAGR). 4.6 Health‑care & Biosecurity Pico‑sensor"
percentage,6,,or ELISA‑qPCR biosensors: $2.1 B/year market with 6 % CAGR; $773 M NPV. Real‑time vital‑sign sensors (h
percentage,15,,"re, oxygen saturation, temperature): $9.2 B/year, 15 % CAGR; $4.1 B NPV. The paper suggests additional o"
percentage,42,,year) and automotive LIDAR/radar ($1.2 B/year but 42 % CAGR)—combine high TAM with very high growth. Hig
percentage,42,,"est‑growing segments include LIDAR/radar sensors (42 % CAGR), IR camera sensors (15 %), humidity sensors"
percentage,15,,"DAR/radar sensors (42 % CAGR), IR camera sensors (15 %), humidity sensors (15 %), solar‑cell optimisatio"
percentage,15,,"AGR), IR camera sensors (15 %), humidity sensors (15 %), solar‑cell optimisation (17 %), and real‑time v"
percentage,17,,"humidity sensors (15 %), solar‑cell optimisation (17 %), and real‑time vital‑sign sensors (15 %). These"
percentage,15,,"isation (17 %), and real‑time vital‑sign sensors (15 %). These are likely to attract early adopters and"
percentage,15,,"atrol SMEC Addressable Market: $ 7.3B/Year, CAGR: 15% NPV 1MP License Value: $ 3.3B Page 3 Navigation &"
percentage,7,,"AHRS) SMEC Addressable Market: $18.7B/Year, CAGR: 7% NPV 1 MP License Value: $3.4B Weapon Systems & Ta"
percentage,6,,"Seekers SMEC Addressable Market: $ 9B/year, CAGR: 6% NPV 1MP License Value: $1.5B Electronic Warfare ("
percentage,7,,"(EW) SMEC Addressable Market: $16.6B/Year, CAGR: 7% NPV 1 MP License Value: $ 3B Platform Control & M"
percentage,5,,"g (SHM) SMEC Addressable Market: $11B/Year, CAGR: 5% NPV 1 MP License Value: $ 1.6B BY SENSOR TYPEe El"
percentage,5,,"al Imaging SMEC Addressable Market: $13.8B, CAGR: 5% NPV 1 MP License Value: $2B Page 4 Radar Sensors"
percentage,5,,"r Lidar SMEC Addressable Market: $12B/Year, CAGR: 5% NPV 1MP License Value: $1.7B Inertial Sensors Gyr"
percentage,5,,"nations SMEC Addressable Market: $12B/Year, CAGR: 5% NPV 1MP License Value: $1.7B Pressure Sensors Abs"
percentage,8.2,,"rential SMEC Addressable Market: $2.9B/Year, CAGR:8.2% NPV 1MP License Value: $600M Acoustic & Sonar Sen"
percentage,5,,"ensors SMEC Addressable Market: $1.8B/Year, CAGR: 5% NPV 1 MP License Value: $260M Chemical & Biologic"
percentage,5,,"sors SMEC Addressable Market: $ 2.1B/Year, CAGR:  5% NPV 1 MP License Value: $300M Page 5 Fiber Optic"
percentage,5,,"ensors SMEC Addressable Market: $1.2B/Year, CAGR: 5% NPV 1 MP License Value: $172M MEMS (Micro-Electro"
percentage,12,,"phones SMEC Addressable Market: $16.3B/Year, CAGR:12% NPV 1 MP License Value: $ 5.1B BY PLATFORM Space/"
percentage,5,,"ockets) SMEC Addressable Market: $12B/Year, CAGR: 5% NPV 1 MP License Value: $ 1.7B Land Platforms Mil"
percentage,24,,"stems SMEC Addressable Market: $13.1B/Year, CAGR: 24% NPV 1 MP License Value: $ 17.3B Naval Platforms S"
percentage,6.1,,"ehicles SMEC Addressable Market: 45.2B/Year, CAGR:6.1% NPV 1MP MP License Value: 7.3B Page 6 BY TECHNOLO"
percentage,6,,"ting) SMEC Addressable Market: $20.8B/Year, CAGR: 6% NPV 1 MP License Value: $ 3.3B Emerging/Future Qu"
percentage,7,,"nsors SMEC Addressable Market: $ 575M/Year, CAGR: 7% NPV License Value: $ 102M Civilian Aviation Dual"
percentage,6.9,,"llites SMEC Addressable Market: $3.7B/Year, CAGR: 6.9% NPV License Value: $ 650M SMEC Use Cases in Missi"
percentage,13,,"nsors: SMEC Addressable Market: $ 1.2B/Year, CAGR 13% NPV 1MP License Value: Thermal CTM Sensors: SMEC"
percentage,8,,"sors: SMEC Addressable Market: $ 1.4B/Year, CAGR, 8% NPV 1MP License Value: Acoustic DAS Sensors: SMEC"
percentage,8,,"sors: SMEC Addressable Market: $ 1.5B/Year, CAGR: 8% NPV 1MP License Value: Page 8 Differential Pressu"
percentage,8,,"nsors: SMEC Addressable Market: $1.9B/Year, CAGR: 8% NPV 1MP License Value: Liquid Leak Detection Sens"
percentage,13,,"sors: SMEC Addressable Market: $ 600M/Year, CAGR: 13% NPV 1MP License Value: Rack Power Usage Efficienc"
percentage,8,,"sors: SMEC Addressable Market: $ 4.8B/Year, CAGR: 8% NPV 1MP License Value: IR Motion Sensors: SMEC Ad"
percentage,8,,"ensors: SMEC Addressable Market: $ 2B/Year, CAGR: 8% NPV 1MP License Value: 5G/6G CDMA TELECOMMUNICATI"
percentage,11,,"TIONS SMEC Addressable Market: $ 6.2B/Year, CAGR: 11% NPV 1 MP License Value: $ 1.7B DEPARTMENT OF TRAN"
percentage,5,,"NSORS: SMEC Addressable Market: $ 31B/Year, CAGR: 5% NPV 1 MP License Value: AGGREGATE NORTH AMERICA A"
percentage,8.2,,"NSORS: SMEC Addressable Market: $ 7.1B/Year, CAGR:8.2% NPV 1MP License Value: BY CARMAKER (US/EU) FORD:"
percentage,8.2,,"FORD: SMEC Addressable Market: $525M/Year, CAGR: 8.2% NPV 1MP License Value: GENERAL MOTORS: SMEC Addre"
percentage,8.2,,"TORS: SMEC Addressable Market: $ 312M/Year, CAGR: 8.2% NPV 1MP License Value: STELLANTIS: SMEC Addressab"
percentage,8,,"ANTIS: SMEC Addressable Market: $500M/Year, CAGR: 8% NPV 1MP License Value: TESLA: SMEC Addressable Ma"
percentage,8.3,,"ESLA: SMEC Addressable Market: $ 500M/Year, CAGR: 8.3% NPV 1MP License Value: HYUNDAI: SMEC Addressable"
percentage,8.2,,"NDAI: SMEC Addressable Market: $ 200M/Year, CAGR: 8.2% NPV 1MP License Value: HONDA: SMEC Addressable Ma"
percentage,8.2,,"ONDA: SMEC Addressable Market: $ 400M/Year, CAGR: 8.2% NPV 1 MP License Value: VOLKSWAGEN GROUP: SMEC Ad"
percentage,8.2,,"ROUP: SMEC Addressable Market: $ 280M/Year, CAGR: 8.2% NPV 1MP License Value: BMW GROUP: SMEC Addressabl"
percentage,8,,"ROUP: SMEC Addressable Market: $ 380M/Year, CAGR: 8% NPV 1MP License Value: MERCEDES-BENZ GROUP: SMEC"
percentage,8.3,,"UP: SMEC Addressable Market: $ $ 390M/Year, CAGR: 8.3% NPV 1Mp License Value: TOYOTA GROUP: SMEC Address"
percentage,8.3,,"ROUP: SMEC Addressable Market: $ 460M/Year, CAGR: 8.3% NPV 1MP License Value: RENAULT/NISSAN:/MITSUBISHI"
percentage,8.2,,"ISHI: SMEC Addressable Market: $ 240M/Year, CAGR; 8.2% NPV 1Mp License Value: BY SENSOR TYPES: Optical F"
percentage,8.6,,"nsors: SMEC Addressable Market: $4.2B/Year, CAGR: 8.6%, NPV 1MP License Value: External Temperature Mana"
percentage,6,,"sors: SMEC Addressable Market: $ 2.3B/Year, CAGR: 6% NPV 1MP License Value: Humidity Sensors: SMEC Add"
percentage,15,,"sors: SMEC Addressable Market: $ 7.3B/Year, CAGR: 15% NPV 1MP License Value: IR Camera Sensors: SMEC Ad"
percentage,15,,"sors: SMEC Addressable Market: $ 8.8B/Year, CAGR: 15% NPV 1MP License Value: LIDAR/Radar Sensors: SMEC"
percentage,42,,"nsors: SMEC Addressable Market: $1.2B/Year, CAGR: 42% NPV 1MP License Value: Ultrasonic Sensors: SMEC A"
percentage,9.2,,"sors: SMEC Addressable Market: $ 530M/Year, CAGR: 9.2% NPV 1MP License Value: GPS/GNSS Navigation/IMU Se"
percentage,8.3,,"nsors: SMEC Addressable Market: $ 16B/Year, CAGR: 8.3% NPV 1MP License Value: Page 10 MARITIME TRANSPORT"
percentage,8.2,,"HIPS: SMEC Addressable Market: $35.8B/Year, CAGR: 8.2% NPV 1 MP License Value: $ 7.3B RAIL TRANSPORT SME"
percentage,6,,"NSPORT SMEC Addressable Market: $4.3B/Year, CAGR: 6% NPV 1 MP License Value: $ 690M DEPARTMENT OF ENER"
percentage,11.8,,"er): SMEC Addressable Market: $ 21.4B/Year, CAGR: 11.8% NPV 1MP License Value: Fault Detection Sensors: S"
percentage,8,,"nsors: SMEC Addressable Market: $ 22B/Year, CAGR: 8% NPV 1MP License Value: Grid Asset Monitoring Sens"
percentage,19,,"sors: SMEC Addressable Market: $ 3.6B/Year, CAGR: 19% NPV 1MP License Value: Grid Load Monitoring Senso"
percentage,5.4,,"sors: SMEC Addressable Market: $ 5.8B/Year, CAGR: 5.4% NPV 1MP License Value: Page 11 Distributed Energy"
percentage,13,,"rs: SMEC Addressable Market: $ $ 800M/Year, CAGR: 13% NPV 1MP License Value: Solar Cell Optimization SM"
percentage,17,,"zation SMEC Addressable Market: $ 95B/Year, CAGR: 17% NPV 1MP License Value: $ 54B Advanced Battery Sto"
percentage,21,,target energy storage density improvement between 21% and 37% and energy retrieval time improvement of
percentage,37,,nergy storage density improvement between 21% and 37% and energy retrieval time improvement of up to 46
percentage,46,,7% and energy retrieval time improvement of up to 46%. It is anticipated that the SMEC design will oper
percentage,9,,"lipsoid SMEC Addressable Market: $25B/Year, CAGR: 9% NPV 1 MP License Value: $5.6B Small Modular Nucle"
percentage,8,,"eactors SMEC Addressable Market: $10B/Year, CAGR: 8% NPV 1MP License Value: $ 2B Carbon Sequestration:"
percentage,8,,"SMEC Addressable Market Value: $3.5B/Year, CAGR: 8% NPV 1 MP License Value: $ 670M Utility Scale Sola"
percentage,14.3,,"oring SMEC Addressable Market: $ 8.7B/Year, CAGR: 14.3% NPV 1 MP License Value: $ 3.6B Page 12 Oil & Gas"
percentage,6,,"pection SMEC Addressable Market: $11B/Year, CAGR: 6% NPV 1 MP License Value: $ 1.8B CISA/CRITICAL MANU"
percentage,8.7,,"ncing. SMEC Addressable Market: $1.5B/Year, CAGR: 8.7% NPV 1 MP License Value: $ 742M Factory Automation"
percentage,6,,"tion: SMEC Addressable Market: $25.5B/Year, CAGR: 6% NPV 1 MP License Value: $4.1B Quality Control SME"
percentage,6,,"ntrol SMEC Addressable Market: $10.5B/Year, CAGR: 6% NPV 1MP License Value: $ 1.7B CISA/WATER AND WAST"
percentage,6,,"nsors: SMEC Addressable Market: $1.2B/Year, CAGR: 6% NPV MP License Value: $442M Page 13 Desalination"
percentage,15,,"d layered oxygenated graphene material (typically 15% graphene, 80% oxidized domains), producible in mo"
percentage,80,,"enated graphene material (typically 15% graphene, 80% oxidized domains), producible in monolayer and st"
percentage,99.9,,"le in polyamide membrane materials) and providing 99.9% salt rejection, in all 6 major salt rejection mec"
percentage,6,,"A-QPCR SMEC Addressable Market: $2.1B/Year, CAGR: 6% NPV 1 MP License Value: $773M Medical Devices/Pat"
percentage,15,,"sors: SMEC Addressable Market: $ 9.2B/Year, CAGR: 15% NPV 1 MP License Value: Diabetes Continuous Gluco"
percentage,19,,"ors: SMEC Addressable Market: $ 13.7B/Year, CAGR: 19% NPV 1 MP License Value: ECG/EEG Electrochemical C"
percentage,13,,"sors: SMEC Addressable Market: $ 1.5B/Year, CAGR: 13% NPV 1MP License Value: Page 14 Wearable Sensors ("
percentage,13.5,,"leep) SMEC Addressable Market: $ 3.9B/Year, CAGR: 13.5% NPV 1MP License Value: Rehabilitation Care Sensor"
percentage,9.5,,"sors: SMEC Addressable Market: $ 1.2B/Year, CAGR: 9.5% Robotic Surgical Tools/Diagnostic Equipment SMEC"
percentage,6,,"quipment SMEC Addressable Market: $8B/Year, CAGR: 6% NPV 1 MP License Value: $ 1.3B Blood Management S"
percentage,11.8,,"toring SMEC Addressable Market: $2.9B/Year, CAGR: 11.8% NPV 1 MP License Value: $890M E.  CII NIKET NON-R"
percentage,2,,precursor-specific; target stoichiometry error \<±2%. Anneal: Nanoimprint: Pico/Nano 3D-Printing using
percentage,50,,s: IT/Servers CPU/GPU and RAM Power Reduction: 40-50% HVAC/Chillers/Fans/Pumps Power Reduction: 30% UPS
percentage,30,,40-50% HVAC/Chillers/Fans/Pumps Power Reduction: 30% UPS/Transformer/PDU Power Reduction: 10% Routers/
percentage,10,,duction: 30% UPS/Transformer/PDU Power Reduction: 10% Routers/Switches/Firewalls Power Reduction: 5% St
percentage,5,,: 10% Routers/Switches/Firewalls Power Reduction: 5% Storage HD/SSD Power Reduction: 5% Q-SMEC Physics
percentage,5,,wer Reduction: 5% Storage HD/SSD Power Reduction: 5% Q-SMEC Physics Parameter Optimization Values Targ
percentage,15,,"ance (ISR): Annual market of $7.3 billion, with a 15% Compound Annual Growth Rate (CAGR), licensing Net"
percentage,7,,"fare (EW): Annual market of $16.6 billion, with a 7% CAGR, licensing NPV of $3 billion. Navigation: An"
percentage,7,,"avigation: Annual market of $18.7 billion, with a 7% CAGR, licensing NPV of $3.4 billion. Platform Mon"
percentage,5,,"Monitoring: Annual market of $11 billion, with a 5% CAGR, licensing NPC of $2.7 billion AI/Data Cente"
percentage,13,,"l Management: Annual market of $ 19.6 billion, 11-13% CAGR, licensing NPV of 3.3B 4.2 Energy and Utilit"
percentage,17,,"ptimization: Annual market of $95 billion, with a 17% CAGR Battery Storage: Annual market of $25 billio"
percentage,9,,"ery Storage: Annual market of $25 billion, with a 9% CAGR, licensing NPV of $5.6 billion. Microgrids:"
percentage,6,,"Microgrids: Annual market of $11 billion, with a 6% CAGR, licensing NPV of $1.8 billion. Small Modula"
percentage,8,,"ors (SMRs): Annual market of $10 billion, with an 8% CAGR. 4.3 Water and Environment Desalination Memb"
percentage,6,,"Membranes: Annual market of $20.6 billion, with a 6% CAGR, licensing NPV of $3.3 billion. Real-Time Wa"
percentage,42,,"IDAR/Radar: Annual market of $1.2 billion, with a 42% CAGR, licensing NPV of $13.8 billion. Total Autom"
percentage,5,,"ive Sensors: Annual market of $31 billion, with a 5% CAGR CII NIKET North America LLC PROPRIETARY ANNE"
cagr,42,,"Market: $30B+ annually, strong growth in Lidar (42% CAGR). Energy & Utilities
 Smart grid, microgrids, fau"
cagr,15,,"al Use Case Layer Defense / Intel ISR ($7.3B TAM, 15% CAGR). Navigation (IMU, GNSS, AHRS). EW ($16.6B TAM)."
cagr,42,,"otive sensors ($31B TAM). LIDAR/Radar ($1.2B TAM, 42% CAGR). Aviation (ISR, GNSS). Maritime monitoring ($35B"
cagr,15,,"llance, Reconnaissance): Market ~$7.3 B/year with 15 % CAGR; NPV for a 1M‑patent license is $3.3 B. Navigatio"
cagr,7,,HRS applications yield a $18.7 B/year market with 7 % CAGR and $3.4 B NPV. Weapon systems/targeting: Targeti
cagr,6,,"nd missile seekers constitute a $9 B/year market, 6 % CAGR. Electronic warfare: $16.6 B/year, 7 % CAGR. Plat"
cagr,7,,"rket, 6 % CAGR. Electronic warfare: $16.6 B/year, 7 % CAGR. Platform control & monitoring (flight controls,"
cagr,5,,"on and structural‑health monitoring): $11 B/year, 5 % CAGR. Sensor‑type breakdown: EO/IR sensors ($13.8 B, 5"
cagr,5,,"R. Sensor‑type breakdown: EO/IR sensors ($13.8 B, 5 % CAGR); radar sensors including LIDAR ($12 B, 5 % CAGR)"
cagr,5,,"5 % CAGR); radar sensors including LIDAR ($12 B, 5 % CAGR); inertial sensors ($12 B, 5 % CAGR); pressure se"
cagr,5,,"LIDAR ($12 B, 5 % CAGR); inertial sensors ($12 B, 5 % CAGR); pressure sensors ($2.9 B, 8.2 % CAGR); acoustic"
cagr,8.2,,"sors ($12 B, 5 % CAGR); pressure sensors ($2.9 B, 8.2 % CAGR); acoustic/sonar sensors ($1.8 B, 5 % CAGR); chem"
cagr,5,,"9 B, 8.2 % CAGR); acoustic/sonar sensors ($1.8 B, 5 % CAGR); chemical/biological sensors ($2.1 B, 5 % CAGR)."
cagr,5,,", 5 % CAGR); chemical/biological sensors ($2.1 B, 5 % CAGR). These markets indicate multiple licensing oppor"
cagr,5,,global automotive sensors: $31 B/year market with 5 % CAGR; NPV $4.3 B. North America automotive sensors: $7
cagr,8.2,,erica automotive sensors: $7.1 B/year market with 8.2 % CAGR; NPV $1.4 B. Sensor‑specific markets: LIDAR/Radar
cagr,42,,"LIDAR/Radar sensors – $1.2 B/year but a striking 42 % CAGR and $13.8 B NPV; humidity sensors – $7.3 B/year,"
cagr,15,,"and $13.8 B NPV; humidity sensors – $7.3 B/year, 15 % CAGR, $3.25 B NPV; IR camera sensors – $8.8 B/year, 15"
cagr,15,,"GR, $3.25 B NPV; IR camera sensors – $8.8 B/year, 15 % CAGR, $3.9 B NPV; GPS/GNSS/IMU navigation sensors – $1"
cagr,8.3,,"PV; GPS/GNSS/IMU navigation sensors – $16 B/year, 8.3 % CAGR, $3.3 B NPV. The high growth rates of LIDAR, IR a"
cagr,11.8,,"emperature, voltage, power): $21.4 B/year market; 11.8 % CAGR; $6.6 B NPV. Fault‑detection sensors: $22 B/year,"
cagr,8,,"$6.6 B NPV. Fault‑detection sensors: $22 B/year, 8 % CAGR, $4.4 B NPV. Grid asset‑monitoring sensors: $3.6"
cagr,19,,"NPV. Grid asset‑monitoring sensors: $3.6 B/year, 19 % CAGR, $2.6 B NPV. Solar‑cell optimisation: The largest"
cagr,17,,sation: The largest single market—$95 B/year with 17 % CAGR and $54 B NPV—reflecting global demand for improv
cagr,9,,in retrieval time; the market is $25 B/year with 9 % CAGR and $5.6 B NPV. Small modular nuclear reactors (S
cagr,8,,"dular nuclear reactors (SMRs): $10 B/year market, 8 % CAGR, $2 B NPV. Utility‑scale solar and wind turbine m"
cagr,14.3,,"e solar and wind turbine monitoring: $8.7 B/year, 14.3 % CAGR, $3.6 B NPV. Facilities energy management: Lighti"
cagr,11.6,,"nagement: Lighting‑controls sensors ($3.7 B/year, 11.6 % CAGR) and HVAC‑control sensors ($4.2 B/year, 6 % CAGR)"
cagr,6,,".6 % CAGR) and HVAC‑control sensors ($4.2 B/year, 6 % CAGR). 4.4 Critical Manufacturing & Mining Strategic m"
cagr,8.7,,vey lines. Addressable market is $1.5 B/year with 8.7 % CAGR and $742 M NPV. Factory automation/SCADA optimisa
cagr,6,,tion/SCADA optimisation: $25.5 B/year market with 6 % CAGR; $4.1 B NPV. Quality‑control sensors: $10.5 B/yea
cagr,6,,"4.1 B NPV. Quality‑control sensors: $10.5 B/year, 6 % CAGR, $1.7 B NPV. 4.5 Water & Wastewater Hydrology/wat"
cagr,6,,"r Hydrology/water deposit detection: $1.2 B/year, 6 % CAGR. Desalination materials: The paper describes a la"
cagr,6,,"s). The desalination market is $20.6 B/year with ~6 % CAGR, NPV $3.3 B. Real‑time water‑quality sensors: pH"
cagr,6.3,,"e water‑quality sensors: pH sensors ($1.5 B/year, 6.3 % CAGR), chlorine sensors ($1.1 B/year, 8 % CAGR), turbi"
cagr,8,,"year, 6.3 % CAGR), chlorine sensors ($1.1 B/year, 8 % CAGR), turbidity sensors ($1.4 B/year, 7.2 % CAGR) and"
cagr,7.2,,"/year, 8 % CAGR), turbidity sensors ($1.4 B/year, 7.2 % CAGR) and dissolved‑oxygen sensors ($1.4 B/year, 7 % C"
cagr,7,,"CAGR) and dissolved‑oxygen sensors ($1.4 B/year, 7 % CAGR). Predictive maintenance sensors: Vibration senso"
cagr,6,,"ntenance sensors: Vibration sensors ($560 M/year, 6 % CAGR) and acoustic sensors ($1.5 B/year, 6.4 % CAGR);"
cagr,6.4,,"ear, 6 % CAGR) and acoustic sensors ($1.5 B/year, 6.4 % CAGR); pressure sensors ($2.5 B/year, 6.3 % CAGR). 4.6"
cagr,6.3,,"year, 6.4 % CAGR); pressure sensors ($2.5 B/year, 6.3 % CAGR). 4.6 Health‑care & Biosecurity Pico‑sensor ELISA"
cagr,6,,or ELISA‑qPCR biosensors: $2.1 B/year market with 6 % CAGR; $773 M NPV. Real‑time vital‑sign sensors (heart
cagr,15,,"re, oxygen saturation, temperature): $9.2 B/year, 15 % CAGR; $4.1 B NPV. The paper suggests additional opport"
cagr,42,,year) and automotive LIDAR/radar ($1.2 B/year but 42 % CAGR)—combine high TAM with very high growth. High CAG
cagr,42,,"est‑growing segments include LIDAR/radar sensors (42 % CAGR), IR camera sensors (15 %), humidity sensors (15"
cagr,15,,"al Use Case Layer Defense / Intel ISR ($7.3B TAM, 15% CAGR). Navigation (IMU, GNSS, AHRS). EW ($16.6B TAM)."
cagr,42,,"otive sensors ($31B TAM). LIDAR/Radar ($1.2B TAM, 42% CAGR). Aviation (ISR, GNSS). Maritime monitoring ($35B"
cagr,15,,"llance, Reconnaissance): Market ~$7.3 B/year with 15 % CAGR; NPV for a 1M‑patent license is $3.3 B. Navigatio"
cagr,7,,HRS applications yield a $18.7 B/year market with 7 % CAGR and $3.4 B NPV. Weapon systems/targeting: Targeti
cagr,6,,"nd missile seekers constitute a $9 B/year market, 6 % CAGR. Electronic warfare: $16.6 B/year, 7 % CAGR. Plat"
cagr,7,,"rket, 6 % CAGR. Electronic warfare: $16.6 B/year, 7 % CAGR. Platform control & monitoring (flight controls,"
cagr,5,,"on and structural‑health monitoring): $11 B/year, 5 % CAGR. Sensor‑type breakdown: EO/IR sensors ($13.8 B, 5"
cagr,5,,"R. Sensor‑type breakdown: EO/IR sensors ($13.8 B, 5 % CAGR); radar sensors including LIDAR ($12 B, 5 % CAGR)"
cagr,5,,"5 % CAGR); radar sensors including LIDAR ($12 B, 5 % CAGR); inertial sensors ($12 B, 5 % CAGR); pressure se"
cagr,5,,"LIDAR ($12 B, 5 % CAGR); inertial sensors ($12 B, 5 % CAGR); pressure sensors ($2.9 B, 8.2 % CAGR); acoustic"
cagr,8.2,,"sors ($12 B, 5 % CAGR); pressure sensors ($2.9 B, 8.2 % CAGR); acoustic/sonar sensors ($1.8 B, 5 % CAGR); chem"
cagr,5,,"9 B, 8.2 % CAGR); acoustic/sonar sensors ($1.8 B, 5 % CAGR); chemical/biological sensors ($2.1 B, 5 % CAGR)."
cagr,5,,", 5 % CAGR); chemical/biological sensors ($2.1 B, 5 % CAGR). These markets indicate multiple licensing oppor"
cagr,5,,global automotive sensors: $31 B/year market with 5 % CAGR; NPV $4.3 B. North America automotive sensors: $7
cagr,8.2,,erica automotive sensors: $7.1 B/year market with 8.2 % CAGR; NPV $1.4 B. Sensor‑specific markets: LIDAR/Radar
cagr,42,,"LIDAR/Radar sensors – $1.2 B/year but a striking 42 % CAGR and $13.8 B NPV; humidity sensors – $7.3 B/year,"
cagr,15,,"and $13.8 B NPV; humidity sensors – $7.3 B/year, 15 % CAGR, $3.25 B NPV; IR camera sensors – $8.8 B/year, 15"
cagr,15,,"GR, $3.25 B NPV; IR camera sensors – $8.8 B/year, 15 % CAGR, $3.9 B NPV; GPS/GNSS/IMU navigation sensors – $1"
cagr,8.3,,"PV; GPS/GNSS/IMU navigation sensors – $16 B/year, 8.3 % CAGR, $3.3 B NPV. The high growth rates of LIDAR, IR a"
cagr,11.8,,"emperature, voltage, power): $21.4 B/year market; 11.8 % CAGR; $6.6 B NPV. Fault‑detection sensors: $22 B/year,"
cagr,8,,"$6.6 B NPV. Fault‑detection sensors: $22 B/year, 8 % CAGR, $4.4 B NPV. Grid asset‑monitoring sensors: $3.6"
cagr,19,,"NPV. Grid asset‑monitoring sensors: $3.6 B/year, 19 % CAGR, $2.6 B NPV. Solar‑cell optimisation: The largest"
cagr,17,,sation: The largest single market—$95 B/year with 17 % CAGR and $54 B NPV—reflecting global demand for improv
cagr,9,,in retrieval time; the market is $25 B/year with 9 % CAGR and $5.6 B NPV. Small modular nuclear reactors (S
cagr,8,,"dular nuclear reactors (SMRs): $10 B/year market, 8 % CAGR, $2 B NPV. Utility‑scale solar and wind turbine m"
cagr,14.3,,"e solar and wind turbine monitoring: $8.7 B/year, 14.3 % CAGR, $3.6 B NPV. Facilities energy management: Lighti"
cagr,11.6,,"nagement: Lighting‑controls sensors ($3.7 B/year, 11.6 % CAGR) and HVAC‑control sensors ($4.2 B/year, 6 % CAGR)"
cagr,6,,".6 % CAGR) and HVAC‑control sensors ($4.2 B/year, 6 % CAGR). 4.4 Critical Manufacturing & Mining Strategic m"
cagr,8.7,,vey lines. Addressable market is $1.5 B/year with 8.7 % CAGR and $742 M NPV. Factory automation/SCADA optimisa
cagr,6,,tion/SCADA optimisation: $25.5 B/year market with 6 % CAGR; $4.1 B NPV. Quality‑control sensors: $10.5 B/yea
cagr,6,,"4.1 B NPV. Quality‑control sensors: $10.5 B/year, 6 % CAGR, $1.7 B NPV. 4.5 Water & Wastewater Hydrology/wat"
cagr,6,,"r Hydrology/water deposit detection: $1.2 B/year, 6 % CAGR. Desalination materials: The paper describes a la"
cagr,6,,"s). The desalination market is $20.6 B/year with ~6 % CAGR, NPV $3.3 B. Real‑time water‑quality sensors: pH"
cagr,6.3,,"e water‑quality sensors: pH sensors ($1.5 B/year, 6.3 % CAGR), chlorine sensors ($1.1 B/year, 8 % CAGR), turbi"
cagr,8,,"year, 6.3 % CAGR), chlorine sensors ($1.1 B/year, 8 % CAGR), turbidity sensors ($1.4 B/year, 7.2 % CAGR) and"
cagr,7.2,,"/year, 8 % CAGR), turbidity sensors ($1.4 B/year, 7.2 % CAGR) and dissolved‑oxygen sensors ($1.4 B/year, 7 % C"
cagr,7,,"CAGR) and dissolved‑oxygen sensors ($1.4 B/year, 7 % CAGR). Predictive maintenance sensors: Vibration senso"
cagr,6,,"ntenance sensors: Vibration sensors ($560 M/year, 6 % CAGR) and acoustic sensors ($1.5 B/year, 6.4 % CAGR);"
cagr,6.4,,"ear, 6 % CAGR) and acoustic sensors ($1.5 B/year, 6.4 % CAGR); pressure sensors ($2.5 B/year, 6.3 % CAGR). 4.6"
cagr,6.3,,"year, 6.4 % CAGR); pressure sensors ($2.5 B/year, 6.3 % CAGR). 4.6 Health‑care & Biosecurity Pico‑sensor ELISA"
cagr,6,,or ELISA‑qPCR biosensors: $2.1 B/year market with 6 % CAGR; $773 M NPV. Real‑time vital‑sign sensors (heart
cagr,15,,"re, oxygen saturation, temperature): $9.2 B/year, 15 % CAGR; $4.1 B NPV. The paper suggests additional opport"
cagr,42,,year) and automotive LIDAR/radar ($1.2 B/year but 42 % CAGR)—combine high TAM with very high growth. High CAG
cagr,42,,"est‑growing segments include LIDAR/radar sensors (42 % CAGR), IR camera sensors (15 %), humidity sensors (15"
cagr,7,,"fare (EW): Annual market of $16.6 billion, with a 7% CAGR, licensing NPV of $3 billion. Navigation: Annual"
cagr,7,,"avigation: Annual market of $18.7 billion, with a 7% CAGR, licensing NPV of $3.4 billion. Platform Monitori"
cagr,5,,"Monitoring: Annual market of $11 billion, with a 5% CAGR, licensing NPC of $2.7 billion AI/Data Center Pow"
cagr,13,,"l Management: Annual market of $ 19.6 billion, 11-13% CAGR, licensing NPV of 3.3B 4.2 Energy and Utilities S"
cagr,17,,"ptimization: Annual market of $95 billion, with a 17% CAGR Battery Storage: Annual market of $25 billion, wi"
cagr,9,,"ery Storage: Annual market of $25 billion, with a 9% CAGR, licensing NPV of $5.6 billion. Microgrids: Annua"
cagr,6,,"Microgrids: Annual market of $11 billion, with a 6% CAGR, licensing NPV of $1.8 billion. Small Modular Rea"
cagr,8,,"ors (SMRs): Annual market of $10 billion, with an 8% CAGR. 4.3 Water and Environment Desalination Membranes"
cagr,6,,"Membranes: Annual market of $20.6 billion, with a 6% CAGR, licensing NPV of $3.3 billion. Real-Time Water S"
cagr,42,,"IDAR/Radar: Annual market of $1.2 billion, with a 42% CAGR, licensing NPV of $13.8 billion. Total Automotive"
cagr,5,,"ive Sensors: Annual market of $31 billion, with a 5% CAGR CII NIKET North America LLC PROPRIETARY ANNEX II"
performance_multiplier,100,improvement,"6.7–12% by 2028.
Inventor claims (unverified): 10–100× improvements in signal-to-noise and energy containment; step-"
performance_multiplier,100,improvement,and three magnetic‑field components; it claims 10–100× improvement in signal‑to‑noise ratio and allows wide‑area sur
performance_multiplier,100,improvement,and three magnetic‑field components; it claims 10–100× improvement in signal‑to‑noise ratio and allows wide‑area sur
market_size,7.3,billion,"lance, and Reconnaissance (ISR): Annual market of $7.3 billion, with a 15% Compound Annual Growth Rate (CAGR), l"
market_size,3.3,billion,"Rate (CAGR), licensing Net Present Value (NPV) of $3.3 billion Electronic Warfare (EW): Annual market of $16.6 b"
market_size,16.6,billion,"billion Electronic Warfare (EW): Annual market of $16.6 billion, with a 7% CAGR, licensing NPV of $3 billion. Nav"
market_size,3,billion,"f $16.6 billion, with a 7% CAGR, licensing NPV of $3 billion. Navigation: Annual market of $18.7 billion, with"
market_size,18.7,billion,"g NPV of $3 billion. Navigation: Annual market of $18.7 billion, with a 7% CAGR, licensing NPV of $3.4 billion. P"
market_size,3.4,billion,"f $18.7 billion, with a 7% CAGR, licensing NPV of $3.4 billion. Platform Monitoring: Annual market of $11 billio"
market_size,11,billion,".4 billion. Platform Monitoring: Annual market of $11 billion, with a 5% CAGR, licensing NPC of $2.7 billion AI"
market_size,2.7,billion,"of $11 billion, with a 5% CAGR, licensing NPC of $2.7 billion AI/Data Center Power/Thermal Management: Annual m"
market_size,95,billion,"nd Utilities Solar Optimization: Annual market of $95 billion, with a 17% CAGR Battery Storage: Annual market o"
market_size,25,billion,"with a 17% CAGR Battery Storage: Annual market of $25 billion, with a 9% CAGR, licensing NPV of $5.6 billion. M"
market_size,5.6,billion,"of $25 billion, with a 9% CAGR, licensing NPV of $5.6 billion. Microgrids: Annual market of $11 billion, with a"
market_size,11,billion,"NPV of $5.6 billion. Microgrids: Annual market of $11 billion, with a 6% CAGR, licensing NPV of $1.8 billion. S"
market_size,1.8,billion,"of $11 billion, with a 6% CAGR, licensing NPV of $1.8 billion. Small Modular Reactors (SMRs): Annual market of"
market_size,10,billion,". Small Modular Reactors (SMRs): Annual market of $10 billion, with an 8% CAGR. 4.3 Water and Environment Desal"
market_size,20.6,billion,"ironment Desalination Membranes: Annual market of $20.6 billion, with a 6% CAGR, licensing NPV of $3.3 billion. R"
market_size,3.3,billion,"f $20.6 billion, with a 6% CAGR, licensing NPV of $3.3 billion. Real-Time Water Sensors: Aggregate annual market"
market_size,5,billion,al-Time Water Sensors: Aggregate annual market of $5 billion. 4.4 Healthcare and Biosecurity Biosensors: Annua
market_size,2.1,billion,care and Biosecurity Biosensors: Annual market of $2.1 billion. Patient Monitoring: Annual market of $12 billion
market_size,12,billion,2.1 billion. Patient Monitoring: Annual market of $12 billion. Surgical Tools: Annual market of $8 billion. 4.5
market_size,8,billion,of $12 billion. Surgical Tools: Annual market of $8 billion. 4.5 Transportation and Automotive LIDAR/Radar: A
market_size,1.2,billion,"tion and Automotive LIDAR/Radar: Annual market of $1.2 billion, with a 42% CAGR, licensing NPV of $13.8 billion."
market_size,13.8,billion,"f $1.2 billion, with a 42% CAGR, licensing NPV of $13.8 billion. Total Automotive Sensors: Annual market of $31 b"
market_size,31,billion,"llion. Total Automotive Sensors: Annual market of $31 billion, with a 5% CAGR CII NIKET North America LLC PROPR"
power,100,kW,ics Parameter Optimization Values Targets: Power: 100kW-MW+ feasible Beam Quality M2: 1.1     M2: 1 to 1.
power,60,kW,ics Parameter Optimization Values Targets: Power: 60 kW-1MW EIRP: 30-70 dBmi Scan Ratio: <20 sec/volume F
power,1,MW,rameter Optimization Values Targets: Power: 60 kW-1MW EIRP: 30-70 dBmi Scan Ratio: <20 sec/volume Frequ
