root,path,ext,size,mtime,sha1
G:\\My Drive\\White Paper (Patent),G:\\My Drive\\White Paper (Patent)\NIKET Q-SMEC Science Overview PROPRIETARY Dely 10272025.docx,.docx,983004,2025-10-27T12:00:00.325000,c394d28f8fb5dff01bacd2a6af11681f6696cc5f
G:\\My Drive\\White Paper (Patent),G:\\My Drive\\White Paper (Patent)\document_analysis_results.json,.json,432361,2025-11-04T13:08:44.653000,7491ecb6078142596403e2967ea37bbf3fdb991a
G:\\My Drive\\White Paper (Patent),G:\\My Drive\\White Paper (Patent)\niket_knowledge_base.json,.json,252539,2025-11-04T13:10:35.216000,f95153e1c78600b089b47ef89ceee03d90c03e78
G:\\My Drive\\White Paper (Patent),G:\\My Drive\\White Paper (Patent)\knowledge_summary_report.txt,.txt,7775,2025-11-04T13:10:35.227000,0e2310a6aab6d9c5031cecbb759ca89317e83cf1
G:\\My Drive\\White Paper (Patent),G:\\My Drive\\White Paper (Patent)\~$KET Q-SMEC Science Overview PROPRIETARY (V2).docx,.docx,162,2025-11-10T12:01:35.790000,c0f95be03542b54a4bf7ade6a08858590cdee511
G:\\My Drive\\White Paper (Patent),G:\\My Drive\\White Paper (Patent)\~$SSIBLE UPDATE- Q-SMEC Sensor Taxonomy WP PROPRIETARY (v8).docx,.docx,162,2025-11-10T12:46:34.895000,e4a6e83887c5ad0d1ad2a3419b8ef445cdcbe705
G:\\My Drive\\White Paper (Patent),G:\\My Drive\\White Paper (Patent)\QCBD_Benchmark_Data_Extraction.md,.md,19950,2025-12-01T17:40:01.714000,b78d83b7105abfd907eb602b49f8f8737b61ab84
G:\\My Drive\\White Paper (Patent),G:\\My Drive\\White Paper (Patent)\Behind NDA\Q-SMEC Sensor Taxonomy WP PROPRIETARY (v8).docx,.docx,1389337,2025-10-14T10:10:36,2de677d40642ef316538e8608002354ea4c54f6b
G:\\My Drive\\White Paper (Patent),G:\\My Drive\\White Paper (Patent)\Behind NDA\NIKET Q-SMEC Science Overview PROPRIETARY.docx,.docx,42505,2025-11-05T11:56:28.460000,8c6b90b773843aef53f2b602daddc27a1f6c31ff
G:\\My Drive\\White Paper (Patent),G:\\My Drive\\White Paper (Patent)\Behind NDA\NIKET Q-SMEC Science Overview PROPRIETARY (V2).docx,.docx,37848,2025-11-05T11:54:20.856000,8c1410556ef2aaca82fc766a9606cbb0e364d96b
G:\\My Drive\\White Paper (Patent),G:\\My Drive\\White Paper (Patent)\Behind NDA\POSSIBLE UPDATE- Q-SMEC Sensor Taxonomy WP PROPRIETARY (v8).docx,.docx,49870,2025-11-05T12:43:22.632000,40b6805c4baffd765c36ef4cc8f138f6b51b812a
G:\\My Drive\\White Paper (Patent),G:\\My Drive\\White Paper (Patent)\Behind NDA\NIKET Q-SMEC Science Overview PROPRIETARY (V2).pdf,.pdf,388331,2025-11-10T16:10:12.810000,ba8fd17c66c261c57dcd6ba45ee186bbe17a7939
G:\\My Drive\\White Paper (Patent),G:\\My Drive\\White Paper (Patent)\NON-Proprietary\Read-Ahead Summary for Q-SMEC Technology & Use Cases.docx,.docx,17035,2025-11-18T10:46:14.585000,ea26396261ed7efc41743bfffa0ebd16e7e9b4bf
G:\\My Drive\\White Paper (Patent),G:\\My Drive\\White Paper (Patent)\NON-Proprietary\Q-SMEC_Commercialization_Directive_Updated.docx,.docx,10841,2025-09-25T15:23:50,8d54ada617d3786b245102b9e612f35f3c7e6557
G:\\My Drive\\White Paper (Patent),G:\\My Drive\\White Paper (Patent)\NON-Proprietary\Scope of the Q-SMEC Patent_White Paper.docx,.docx,2568787,2025-11-10T16:04:32.969000,1e629bbc53e2be83e46b462d8e7b99f5c75ff8d1
G:\\My Drive\\White Paper (Patent),G:\\My Drive\\White Paper (Patent)\NON-Proprietary\Q-SMEC Technical White Paper NDA Safe.docx,.docx,38732,2025-10-20T11:00:52.862000,0374a37a65e625954df0de102dedf41df59a4695
G:\\My Drive\\White Paper (Patent),G:\\My Drive\\White Paper (Patent)\NON-Proprietary\Deep Think Analysis of Q-SMEC White Paper.docx,.docx,19974,2025-11-10T15:54:54.476000,578fe3b5be9c4f39fac0ebd8f8a3b681473197fb
G:\\My Drive\\White Paper (Patent),G:\\My Drive\\White Paper (Patent)\NON-Proprietary\Detailed breakdown of each major section of the Qâ€‘SMEC.docx,.docx,22365,2025-11-10T15:58:35.035000,7548df10c9859b15ca24b7f67187ce3153866427
G:\\My Drive\\White Paper (Patent),G:\\My Drive\\White Paper (Patent)\NON-Proprietary\NIKET Q-SMEC Sensor Taxonomy WP Non-Proprietary Rev 7 Dely 082825.docx,.docx,59732,2025-11-10T07:23:48.551000,d38d94a448e33b2740819a6428257f4009b22658
G:\\My Drive\\White Paper (Patent),G:\\My Drive\\White Paper (Patent)\NON-Proprietary\Q-SMEC Technical White Paper NDA Safe.pdf,.pdf,132771,2025-11-10T16:08:50.610000,36812a49872bb83f270a9d6612cbd83efb94d457
G:\\My Drive\\NDA Documents,G:\\My Drive\\NDA Documents\NIKET Q-SMEC Science Overview PROPRIETARY Dely 10272025.docx,.docx,42542,2025-12-01T08:21:44.563000,3b5ad16c1f05e53cafbd9842bfade7b37c72c407
G:\\My Drive\\NDA Documents,G:\\My Drive\\NDA Documents\Niket NorthAmerica - PIA MNDA.docx,.docx,80455,2025-11-10T16:14:57.164000,c87c0e3b55b0d3aa791b93ebf56d59d07a1b0431
G:\\My Drive\\NDA Documents,G:\\My Drive\\NDA Documents\Niket Retainer Services Agreement.docx,.docx,65692,2025-11-10T15:49:06.787000,8f146d9a44434ae08bff6e0cea08e46325c67c3d
G:\\My Drive\\NDA Documents,G:\\My Drive\\NDA Documents\Niket NorthAmerica - PIA MNDA.pdf,.pdf,303970,2025-11-10T16:14:52.596000,6efa2b44975f968e19c1067d3121d46daa476e60
G:\\My Drive\\Pitch Decks,G:\\My Drive\\Pitch Decks\NIKET NA Q-SMEC Cu Au Mo Porphyry Mining Sensor Use Case Proposal FINAL PROPRIETARY Dely 09252025.pptx,.pptx,118507,2025-11-17T10:35:09.013000,1fa4dc098e6fae140af0ffcc5854c8dc5948fb69
G:\\My Drive\\Pitch Decks,G:\\My Drive\\Pitch Decks\.gitignore,,208,2025-12-01T12:57:18.371000,93fdb9714edc77587e4e403719aecdc55c1b4415
G:\\My Drive\\Pitch Decks,G:\\My Drive\\Pitch Decks\desktop.ini,.ini,246,2025-12-02T13:08:42.880662,41ef670eb8c90a48e77f3b30e1423a004f4594b9
G:\\My Drive\\Pitch Decks,G:\\My Drive\\Pitch Decks\Ppt-prompt-data\(3) Verified Benchmarks from Trusted Sources.docx,.docx,9335,2025-09-25T15:23:47.440000,5a9948c29e0d2bd170e63a4d49c1baf47ae4860c
G:\\My Drive\\Pitch Decks,G:\\My Drive\\Pitch Decks\Ppt-prompt-data\(3c) Gap Analysis Table.docx,.docx,7428,2025-09-25T15:23:47.460000,0dd4b5d8d5a6b50b510e762b23302e6a981798ed
G:\\My Drive\\Pitch Decks,G:\\My Drive\\Pitch Decks\Ppt-prompt-data\(4) Combined Proposal benchmark- official sources.docx,.docx,9515,2025-09-25T15:23:47.505000,07431909c56be422d70331577fde82b5b460a331
G:\\My Drive\\Pitch Decks,G:\\My Drive\\Pitch Decks\Ppt-prompt-data\(1) Prompt from_for PPT_.docx,.docx,11333,2025-09-25T15:23:47.508000,f69a4f63b6d9e65c3275a18e81edd8b326e2c31d
G:\\My Drive\\Pitch Decks,G:\\My Drive\\Pitch Decks\Ppt-prompt-data\peer-reviewed benchmarks for Prussian Blue _ PBAs and THz detectors_.docx,.docx,10003,2025-09-25T15:23:47.510000,2ce8dbf06ca8490c9284539763284e2973b0b450
G:\\My Drive\\Pitch Decks,G:\\My Drive\\Pitch Decks\Ppt-prompt-data\NIKET NA Q-SMEC Airtronics PB THz RCS Stealth Use Cases Proposal FINAL PROPRIETARY Dely 09122025.pptx,.pptx,122056,2025-09-25T15:23:47.532000,062aa9043fe2366cc76e823a30ed6e6fbec75856
G:\\My Drive\\Pitch Decks,G:\\My Drive\\Pitch Decks\Ppt-prompt-data\(3b) overlay charts.docx,.docx,7333,2025-09-25T15:23:47.547000,8e307afa2ad1a7a5e29daaf603987bf0f1a065c4
G:\\My Drive\\Pitch Decks,G:\\My Drive\\Pitch Decks\Ppt-prompt-data\(2) Patent-to-Proposal Mapping Table_.docx,.docx,8720,2025-09-25T15:23:47.606000,2e5c56fd599146b030c989b311e2dfe4821af4f0
G:\\My Drive\\Pitch Decks,G:\\My Drive\\Pitch Decks\Ppt-prompt-data\(4a) recent literature confirms (2024-2025).docx,.docx,8716,2025-09-25T15:23:47.640000,1bc1e28bbd0f40d6c9e5674a44c835e463363a76
G:\\My Drive\\Pitch Decks,G:\\My Drive\\Pitch Decks\Ppt-prompt-data\(2a) DeepThink Analysis Report.docx,.docx,12950,2025-09-25T15:23:47.668000,74cc240bdc866b24ac99ad132adbbb5f902d9932
G:\\My Drive\\Pitch Decks,G:\\My Drive\\Pitch Decks\Ppt-prompt-data\(3a) Prussian Blue-battery _ Prussian Blue Analogues (PBAs.docx,.docx,9522,2025-09-25T15:23:51.555000,c4be1d20859e8b9b2a0cff90ed8923f02ac7a3a0
G:\\My Drive\\Pitch Decks,G:\\My Drive\\Pitch Decks\Ppt-prompt-data\desktop.ini,.ini,246,2025-12-02T13:08:42.880662,41ef670eb8c90a48e77f3b30e1423a004f4594b9
G:\\My Drive\\Pitch Decks,G:\\My Drive\\Pitch Decks\Q-SMEC Command Media\Q-SMEC Command Media  Prompt.gdoc,.gdoc,174,2025-10-29T09:36:11.326000,
G:\\My Drive\\Pitch Decks,G:\\My Drive\\Pitch Decks\Q-SMEC Command Media\QSMEC_CommandMedia_Overview.pdf,.pdf,2737,2025-10-02T11:58:54.971000,9a5f4467a60b873cd069a08936d53ca813601faa
G:\\My Drive\\Pitch Decks,G:\\My Drive\\Pitch Decks\Q-SMEC Command Media\QSMEC_PartnerProposal_Draft.docx,.docx,37863,2025-10-02T11:59:27.908000,fd8c909f5135dec5f58d404056b20524d6fa6f08
G:\\My Drive\\Pitch Decks,G:\\My Drive\\Pitch Decks\Q-SMEC Command Media\QSMEC_Executive_Summary_1pager.pdf,.pdf,4055,2025-10-02T12:08:33.944000,78e94e604ba5196cd1201fba9113f5fc5e5c1830
G:\\My Drive\\Pitch Decks,G:\\My Drive\\Pitch Decks\Q-SMEC Command Media\Q-SMEC Command Media_ Prompt.docx,.docx,7662,2025-10-29T09:40:03.009000,bb3f204f586ad040862ec616904c0524862eaec0
G:\\My Drive\\Pitch Decks,G:\\My Drive\\Pitch Decks\Q-SMEC Command Media\Non-proprietary (summary) QSMEC Summary 1pager.docx,.docx,11645,2025-10-29T09:40:36.985000,21a33ce7ff4786e6abeb972eb3eecd5b2080958b
G:\\My Drive\\Pitch Decks,G:\\My Drive\\Pitch Decks\Q-SMEC Command Media\desktop.ini,.ini,246,2025-12-02T13:08:42.880662,41ef670eb8c90a48e77f3b30e1423a004f4594b9
G:\\My Drive\\Pitch Decks,G:\\My Drive\\Pitch Decks\Q-SMEC Command Media\Presentation\QSMEC_CommandMedia_Overview.pdf,.pdf,2737,2025-10-02T11:58:54.971000,9a5f4467a60b873cd069a08936d53ca813601faa
G:\\My Drive\\Pitch Decks,G:\\My Drive\\Pitch Decks\Q-SMEC Command Media\Presentation\QSMEC_PartnerProposal_Draft.docx,.docx,37863,2025-10-02T11:59:27.908000,fd8c909f5135dec5f58d404056b20524d6fa6f08
G:\\My Drive\\Pitch Decks,G:\\My Drive\\Pitch Decks\Q-SMEC Command Media\Presentation\QSMEC_Executive_Summary_1pager.pdf,.pdf,4055,2025-10-02T12:08:33.944000,78e94e604ba5196cd1201fba9113f5fc5e5c1830
G:\\My Drive\\Pitch Decks,G:\\My Drive\\Pitch Decks\Q-SMEC Command Media\Presentation\Non-proprietary (summary) QSMEC Summary 1pager.gdoc,.gdoc,174,2025-10-02T13:35:36.603000,
G:\\My Drive\\Pitch Decks,G:\\My Drive\\Pitch Decks\Q-SMEC Command Media\Presentation\desktop.ini,.ini,246,2025-12-02T13:08:42.880662,41ef670eb8c90a48e77f3b30e1423a004f4594b9
G:\\My Drive\\Pitch Decks,"G:\\My Drive\\Pitch Decks\Examples Pitch Deck\QSMEC Investor Pitch Deck (Physics, Eng, IP) (Skeleton, V1).pptx",.pptx,47590,2025-10-05T13:46:31.408000,4cdafd0f602c8b6226ecae5affa3987d8e9fbf71
G:\\My Drive\\Pitch Decks,G:\\My Drive\\Pitch Decks\Examples Pitch Deck\QSMEC Investor Pitch Deck (Skeleton) V1.pptx,.pptx,40502,2025-10-05T13:46:43.593000,05ae3d32b4e4e0865f722558263596eaa8807d04
G:\\My Drive\\Pitch Decks,G:\\My Drive\\Pitch Decks\Examples Pitch Deck\QSMEC Investor Pitch Deck  Slides V2.pptx,.pptx,36846,2025-10-05T13:51:45.353000,647a73495ee33a1ccba57551a2af2b8e50e6943f
G:\\My Drive\\Pitch Decks,G:\\My Drive\\Pitch Decks\Examples Pitch Deck\QSMEC_Investor_Introduction_Deck.pptx,.pptx,39418,2025-10-05T13:54:41.996000,ae53b2ef4ae6ba2de4376170913bde835d3deb4c
G:\\My Drive\\Pitch Decks,G:\\My Drive\\Pitch Decks\Examples Pitch Deck\Example Pitch Deck Layout.gdoc,.gdoc,174,2025-10-05T14:44:27.347000,
G:\\My Drive\\Pitch Decks,G:\\My Drive\\Pitch Decks\Examples Pitch Deck\desktop.ini,.ini,246,2025-12-02T13:08:42.880662,41ef670eb8c90a48e77f3b30e1423a004f4594b9
G:\\My Drive\\Pitch Decks,G:\\My Drive\\Pitch Decks\Older\desktop.ini,.ini,246,2025-12-02T13:08:42.880662,41ef670eb8c90a48e77f3b30e1423a004f4594b9
G:\\My Drive\\Pitch Decks,G:\\My Drive\\Pitch Decks\Older\NIKET Airtronics PB THz RCS Stealth Use Case\Q-SMEC Deck V2.pptx,.pptx,87802,2025-09-25T15:23:47.460000,b7c555b0d131c3cd3c63e244339036e632305f43
G:\\My Drive\\Pitch Decks,G:\\My Drive\\Pitch Decks\Older\NIKET Airtronics PB THz RCS Stealth Use Case\QSMEC Deck v3.pptx,.pptx,341430,2025-09-25T15:23:47.473000,112b9d9b92ec9deb99ef6fca9fd7ce065e8ff3d8
G:\\My Drive\\Pitch Decks,G:\\My Drive\\Pitch Decks\Older\NIKET Airtronics PB THz RCS Stealth Use Case\Q-SMEC Executive Licensing Read-Ahead.docx,.docx,12161,2025-09-25T15:23:50.102000,4ae139a25ad5da258d737ca45a07aca6cb32e5bc
G:\\My Drive\\Pitch Decks,G:\\My Drive\\Pitch Decks\Older\NIKET Airtronics PB THz RCS Stealth Use Case\QSMEC Executive Briefing.pdf,.pdf,4333,2025-09-25T15:23:52.332000,22bb17415050b20abc0452d4b9256fcc0cfdbf28
G:\\My Drive\\Pitch Decks,G:\\My Drive\\Pitch Decks\Older\NIKET Airtronics PB THz RCS Stealth Use Case\NIKET NA Q-SMEC Airtronics PB THz RCS Stealth Use Cases Proposal FINAL PROPRIETARY Dely 09122025.pptx,.pptx,107392,2025-09-25T15:24:07.920000,aaea29068458f339ba97504beb6a9c791eb4c423
G:\\My Drive\\Pitch Decks,G:\\My Drive\\Pitch Decks\Older\NIKET Airtronics PB THz RCS Stealth Use Case\desktop.ini,.ini,246,2025-12-02T13:08:42.880662,41ef670eb8c90a48e77f3b30e1423a004f4594b9
G:\\My Drive\\Pitch Decks,G:\\My Drive\\Pitch Decks\Older\NIKET Solid State Battery\NIKET NA Q-SMEC Solid State Battery Use Case Dely 09132025.pptx,.pptx,97434,2025-09-25T15:23:52.027000,a54c4bacba376f79efffccf2b939753b07937321
G:\\My Drive\\Pitch Decks,G:\\My Drive\\Pitch Decks\Older\NIKET Solid State Battery\desktop.ini,.ini,246,2025-12-02T13:08:42.880662,41ef670eb8c90a48e77f3b30e1423a004f4594b9
G:\\My Drive\\Pitch Decks,G:\\My Drive\\Pitch Decks\Older\NIKET Tiberius Quantum Motors\NIKET NA Q-SMEC Tiberius Quantum Motors Rocket Fuel-Thermal Management Use Cases Proposal PROPRIETARY Dely 09132025.pptx,.pptx,100865,2025-09-25T15:23:59.595000,cd1bf50a7e5710b3f658ff547cab2866f64df919
G:\\My Drive\\Pitch Decks,G:\\My Drive\\Pitch Decks\Older\NIKET Tiberius Quantum Motors\desktop.ini,.ini,246,2025-12-02T13:08:42.880662,41ef670eb8c90a48e77f3b30e1423a004f4594b9
G:\\My Drive\\Pitch Decks,G:\\My Drive\\Pitch Decks\Older\NIKET Free-Fall HES BRN Thz Cyber Resilient Comms\NIKET NA Q-SMEC FreeFall-HES-BRN THz Cyber Resilient Comms Use Case Proposal FINAL PROPRIETARY Dely 09132025.pptx,.pptx,100836,2025-09-25T15:24:07.803000,3aa68f9680881d0df2ffaf5c44227b74381df09c
G:\\My Drive\\Pitch Decks,G:\\My Drive\\Pitch Decks\Older\NIKET Free-Fall HES BRN Thz Cyber Resilient Comms\desktop.ini,.ini,246,2025-12-02T13:08:42.880662,41ef670eb8c90a48e77f3b30e1423a004f4594b9
G:\\My Drive\\Pitch Decks,G:\\My Drive\\Pitch Decks\Older\NIKET Mining Sensor Use Case\NIKET NA Q-SMEC Mining Sensor Use Case Proposal FINAL PROPRIETARY Dely 09122025.pptx,.pptx,100877,2025-09-25T15:24:08.114000,731baa3d47e0c53f7127b44d25fa70ef1a8c9e1f
G:\\My Drive\\Pitch Decks,G:\\My Drive\\Pitch Decks\Older\NIKET Mining Sensor Use Case\desktop.ini,.ini,246,2025-12-02T13:08:42.880662,41ef670eb8c90a48e77f3b30e1423a004f4594b9
G:\\My Drive\\Pitch Decks,G:\\My Drive\\Pitch Decks\Revised\NIKET LLC Q-SMEC10102025-2-3.pdf,.pdf,725381,2025-10-15T20:45:31,37bf383e8cd831dfbecd3d53385b09ce4c467363
G:\\My Drive\\Pitch Decks,G:\\My Drive\\Pitch Decks\Revised\NIKET LLC Pitch Deck Nov Board Dely 10182025-2-2.pptx,.pptx,4518124,2025-10-18T15:55:44,a929debce5bb47ddff4edc2dad35c7533ace26e8
G:\\My Drive\\Pitch Decks,G:\\My Drive\\Pitch Decks\Revised\desktop.ini,.ini,246,2025-12-02T13:08:42.880662,41ef670eb8c90a48e77f3b30e1423a004f4594b9
G:\\My Drive\\Pitch Decks,G:\\My Drive\\Pitch Decks\Revised\Pictures for Slide Pitch\Schematic-of-2D-layered-materials-with-their-names-Graphene-Reproduced-with-permission.png,.png,766601,2025-10-13T14:01:40.506000,761e98e506fe204c1ad8701a984ade8959099cad
G:\\My Drive\\Pitch Decks,G:\\My Drive\\Pitch Decks\Revised\Pictures for Slide Pitch\Atomic-structure-of-layered-2D-materials-Crystal-structures-and-SHG-spectroscopy-of.png,.png,180840,2025-10-13T14:04:16.371000,d352b719872e3eff0dc15a74810acaeb5b842d5e
G:\\My Drive\\Pitch Decks,G:\\My Drive\\Pitch Decks\Revised\Pictures for Slide Pitch\materials-14-07108-g002.png,.png,1875501,2025-10-13T14:05:16.975000,2c01f744b5f310e843de87dc349394b599890589
G:\\My Drive\\Pitch Decks,G:\\My Drive\\Pitch Decks\Revised\Pictures for Slide Pitch\a-Schematic-illustration-of-different-kinds-of-typical-2D-materials-such-as-graphene.png,.png,319664,2025-10-13T14:20:02.861000,a1c8ca2b1a2864ea2b0481fa93228f57d37f8979
G:\\My Drive\\Pitch Decks,G:\\My Drive\\Pitch Decks\Revised\Pictures for Slide Pitch\Twistronics-and-moire-optics-a-Formation-of-2D-moire-pattern-from-two-layers-of-1D.png,.png,220422,2025-10-13T14:21:13.122000,a05d6fea0c11e5b27f833cb91c7ef47e9bc26eed
G:\\My Drive\\Pitch Decks,G:\\My Drive\\Pitch Decks\Revised\Pictures for Slide Pitch\Twistronics-and-moire-optics-a-Formation-of-2D-moire-pattern-from-two-layers-of-1D  1.png,.png,84705,2025-10-13T14:22:00.747000,a6ae236c514f12d60a652084cee4a5cc7ac1bf0e
G:\\My Drive\\Pitch Decks,G:\\My Drive\\Pitch Decks\Revised\Pictures for Slide Pitch\cr0c00732_0029.webp,.webp,82622,2025-10-13T14:28:27.608000,46d6972b956447f569382e4e94c697bdbec98e9e
G:\\My Drive\\Pitch Decks,G:\\My Drive\\Pitch Decks\Revised\Pictures for Slide Pitch\fx1_lrg.jpg,.jpg,129222,2025-10-13T14:29:17.717000,a4923ed8516a404619f2ab8a0e94bb5c84432550
G:\\My Drive\\Pitch Decks,G:\\My Drive\\Pitch Decks\Revised\Pictures for Slide Pitch\cr0c00732_002932323232.png,.png,289776,2025-10-13T14:32:20.952000,06d3451f6ad7db48f25f29abde36698b8b2a7af9
G:\\My Drive\\Pitch Decks,G:\\My Drive\\Pitch Decks\Revised\Pictures for Slide Pitch\alex-dely.jpg,.jpg,83794,2025-10-13T14:57:26.074000,ef87c5789de2dbbd9a417970c49ce7d6083e7dbb
G:\\My Drive\\Pitch Decks,G:\\My Drive\\Pitch Decks\Revised\Pictures for Slide Pitch\Bill Hayes.jpg,.jpg,187821,2025-10-13T15:06:33.284000,5a0a28374a7a88ff84b5da8b340df2e9ae0b1e70
G:\\My Drive\\Pitch Decks,G:\\My Drive\\Pitch Decks\Revised\Pictures for Slide Pitch\desktop.ini,.ini,246,2025-12-02T13:08:42.880662,41ef670eb8c90a48e77f3b30e1423a004f4594b9
G:\\My Drive\\Pitch Decks,G:\\My Drive\\Pitch Decks\Revised\PROPRIETARY\NIKET NA Q-SMEC Cu Au Mo Porphyry Mining Sensor Use Case Proposal FINAL PROPRIETARY Dely 09252025.pptx,.pptx,118507,2025-10-20T11:06:17.670000,1fa4dc098e6fae140af0ffcc5854c8dc5948fb69
G:\\My Drive\\Pitch Decks,G:\\My Drive\\Pitch Decks\Revised\PROPRIETARY\NIKET LLC Q-SMEC PROPRIETARY -  20251021.pptx,.pptx,6508845,2025-10-21T11:29:31.681000,0ba67a0d7cba6862b5f0179c11023a8303aa5528
G:\\My Drive\\Pitch Decks,G:\\My Drive\\Pitch Decks\Revised\PROPRIETARY\NIKET NA Q-SMEC Airtronics PB THz RCS Stealth Use Cases Proposal FINAL PROPRIETARY - 20251021.pptx,.pptx,134440,2025-10-21T11:40:59.274000,8c1aec7512921a34c458c0a36140b0fdf9593fc2
G:\\My Drive\\Pitch Decks,G:\\My Drive\\Pitch Decks\Revised\PROPRIETARY\NIKET NA Q-SMEC DeUVe-CMLT SSHEL Use Case Proposal FINAL PROPRIETARY - 20251021.pptx,.pptx,121431,2025-10-21T11:53:11.389000,5e73cc951727006e1dbefbd28c2e2abb579062b5
G:\\My Drive\\Pitch Decks,G:\\My Drive\\Pitch Decks\Revised\PROPRIETARY\NIKET NA Q-SMEC DT-SG  S-X Band Use Case Proposal FINAL PROPRIETARY - 20251021.pptx,.pptx,121234,2025-10-21T11:55:41.795000,86474744fd92b45d90346dff2ef0631160b94d43
G:\\My Drive\\Pitch Decks,G:\\My Drive\\Pitch Decks\Revised\PROPRIETARY\NIKET NA Q-SMEC FreeFall-HES-BRN THz Cyber Resilient Comms Use Case Proposal FINAL PROPRIETARY - 20251021.pptx,.pptx,121536,2025-10-21T11:58:34.053000,d6fc9de384e0d8b77fb42b9098684befc5a99f89
G:\\My Drive\\Pitch Decks,G:\\My Drive\\Pitch Decks\Revised\PROPRIETARY\NIKET NA Q-SMEC Tiberius Quantum Motors Rocket Fuel-Thermal Management Use Cases Proposal PROPRIETARY - 20251021.pptx,.pptx,121832,2025-10-21T12:00:23.902000,03f12a74ddfd22f1e46c8a62f0760cdccb47d99c
G:\\My Drive\\Pitch Decks,G:\\My Drive\\Pitch Decks\Revised\PROPRIETARY\NIKET NA Q-SMEC Cu Au Mo Porphyry Mining Sensor Use Case Proposal FINAL PROPRIETARY - 20251021.pptx,.pptx,122521,2025-10-21T12:01:01.088000,0ba3f9adf30d0d07468881f1f40643dc75b2add9
G:\\My Drive\\Pitch Decks,G:\\My Drive\\Pitch Decks\Revised\PROPRIETARY\NIKET NA Q-SMEC FreeFall-HES-BRN THz Cyber Resilient Comms Use Case Proposal FINAL PROPRIETARY Dely 09132025.pptx,.pptx,117781,2025-10-21T12:01:46.225000,3e0dec22c1d8290056628e276fe7762d98c97c17
G:\\My Drive\\Pitch Decks,G:\\My Drive\\Pitch Decks\Revised\PROPRIETARY\NIKET NA Q-SMEC DeUVe-CMLT SSHEL Use Case Proposal FINAL PROPRIETARY Dely 09152025.pptx,.pptx,117523,2025-10-21T12:01:46.230000,5307dbf8e5a222edc7211c5d0e64f5a52a737a9e
G:\\My Drive\\Pitch Decks,G:\\My Drive\\Pitch Decks\Revised\PROPRIETARY\NIKET NA Q-SMEC DT-SG  S-X Band Use Case Proposal FINAL PROPRIETARY Dely 09152025.pptx,.pptx,117809,2025-10-21T12:01:46.250000,f910d81e7227126845ff25099bbc70ff07db66ae
G:\\My Drive\\Pitch Decks,G:\\My Drive\\Pitch Decks\Revised\PROPRIETARY\NIKET LLC Q-SMEC PROPRIETARY.pdf,.pdf,725381,2025-10-21T12:01:46.503000,37bf383e8cd831dfbecd3d53385b09ce4c467363
G:\\My Drive\\Pitch Decks,G:\\My Drive\\Pitch Decks\Revised\PROPRIETARY\NIKET NA Q-SMEC Tiberius Quantum Motors Rocket Fuel-Thermal Management Use Cases Proposal PROPRIETARY Dely 09132025.pptx,.pptx,117913,2025-10-21T12:01:46.523000,25cd5ea4830117e48e20cacbfab958840e5724c8
G:\\My Drive\\Pitch Decks,G:\\My Drive\\Pitch Decks\Revised\PROPRIETARY\desktop.ini,.ini,246,2025-12-02T13:08:42.880662,41ef670eb8c90a48e77f3b30e1423a004f4594b9
G:\\My Drive\\Pitch Decks,G:\\My Drive\\Pitch Decks\Revised\NON-PROPRIETARY\NIKET LLC Q-SMEC Pitch Deck - NON PROPRIETARY - (SKELETON LAYOUT).pptx,.pptx,5758933,2025-10-21T08:45:57.828000,4c17bbb5f84c3f683565f85f63d4d1bc80e00812
G:\\My Drive\\Pitch Decks,G:\\My Drive\\Pitch Decks\Revised\NON-PROPRIETARY\desktop.ini,.ini,246,2025-12-02T13:08:42.880662,41ef670eb8c90a48e77f3b30e1423a004f4594b9
G:\\My Drive\\Pitch Decks,G:\\My Drive\\Pitch Decks\NON-PROPRIETARY\NIKET LLC Q-SMEC Pitch Deck - NON PROPRIETARY - (SKELETON LAYOUT).pptx,.pptx,5758933,2025-10-21T08:45:57.828000,4c17bbb5f84c3f683565f85f63d4d1bc80e00812
G:\\My Drive\\Pitch Decks,G:\\My Drive\\Pitch Decks\NON-PROPRIETARY\desktop.ini,.ini,246,2025-12-02T13:08:42.880662,41ef670eb8c90a48e77f3b30e1423a004f4594b9
G:\\My Drive\\Pitch Decks,G:\\My Drive\\Pitch Decks\PROPRIETARY\NIKET NA Q-SMEC Cu Au Mo Porphyry Mining Sensor Use Case Proposal FINAL PROPRIETARY Dely 09252025.pptx,.pptx,118507,2025-10-06T12:34:06.827000,1fa4dc098e6fae140af0ffcc5854c8dc5948fb69
G:\\My Drive\\Pitch Decks,G:\\My Drive\\Pitch Decks\PROPRIETARY\NIKET NA Q-SMEC DeUVe-CMLT SSHEL Use Case Proposal FINAL PROPRIETARY Dely 09152025.pptx,.pptx,117523,2025-10-06T12:36:25.550000,5307dbf8e5a222edc7211c5d0e64f5a52a737a9e
G:\\My Drive\\Pitch Decks,G:\\My Drive\\Pitch Decks\PROPRIETARY\NIKET NA Q-SMEC DT-SG  S-X Band Use Case Proposal FINAL PROPRIETARY Dely 09152025.pptx,.pptx,117809,2025-10-06T12:36:28.910000,f910d81e7227126845ff25099bbc70ff07db66ae
G:\\My Drive\\Pitch Decks,G:\\My Drive\\Pitch Decks\PROPRIETARY\NIKET NA Q-SMEC Tiberius Quantum Motors Rocket Fuel-Thermal Management Use Cases Proposal PROPRIETARY Dely 09132025.pptx,.pptx,117913,2025-10-06T12:36:32.293000,25cd5ea4830117e48e20cacbfab958840e5724c8
G:\\My Drive\\Pitch Decks,G:\\My Drive\\Pitch Decks\PROPRIETARY\NIKET NA Q-SMEC FreeFall-HES-BRN THz Cyber Resilient Comms Use Case Proposal FINAL PROPRIETARY Dely 09132025.pptx,.pptx,117781,2025-10-06T12:36:38.702000,3e0dec22c1d8290056628e276fe7762d98c97c17
G:\\My Drive\\Pitch Decks,G:\\My Drive\\Pitch Decks\PROPRIETARY\NIKET LLC Q-SMEC PROPRIETARY.pdf,.pdf,725381,2025-10-20T08:42:52,37bf383e8cd831dfbecd3d53385b09ce4c467363
G:\\My Drive\\Pitch Decks,G:\\My Drive\\Pitch Decks\PROPRIETARY\NIKET LLC Q-SMEC PROPRIETARY -  20251021.pptx,.pptx,6508845,2025-10-21T11:29:31.681000,0ba67a0d7cba6862b5f0179c11023a8303aa5528
G:\\My Drive\\Pitch Decks,G:\\My Drive\\Pitch Decks\PROPRIETARY\NIKET NA Q-SMEC Airtronics PB THz RCS Stealth Use Cases Proposal FINAL PROPRIETARY - 20251021.pptx,.pptx,134440,2025-10-21T11:40:59.274000,8c1aec7512921a34c458c0a36140b0fdf9593fc2
G:\\My Drive\\Pitch Decks,G:\\My Drive\\Pitch Decks\PROPRIETARY\NIKET NA Q-SMEC DeUVe-CMLT SSHEL Use Case Proposal FINAL PROPRIETARY - 20251021.pptx,.pptx,121431,2025-10-21T11:53:11.389000,5e73cc951727006e1dbefbd28c2e2abb579062b5
G:\\My Drive\\Pitch Decks,G:\\My Drive\\Pitch Decks\PROPRIETARY\NIKET NA Q-SMEC DT-SG  S-X Band Use Case Proposal FINAL PROPRIETARY - 20251021.pptx,.pptx,121234,2025-10-21T11:55:41.795000,86474744fd92b45d90346dff2ef0631160b94d43
G:\\My Drive\\Pitch Decks,G:\\My Drive\\Pitch Decks\PROPRIETARY\NIKET NA Q-SMEC FreeFall-HES-BRN THz Cyber Resilient Comms Use Case Proposal FINAL PROPRIETARY - 20251021.pptx,.pptx,121536,2025-10-21T11:58:34.053000,d6fc9de384e0d8b77fb42b9098684befc5a99f89
G:\\My Drive\\Pitch Decks,G:\\My Drive\\Pitch Decks\PROPRIETARY\NIKET NA Q-SMEC Tiberius Quantum Motors Rocket Fuel-Thermal Management Use Cases Proposal PROPRIETARY - 20251021.pptx,.pptx,121832,2025-10-21T12:00:23.902000,03f12a74ddfd22f1e46c8a62f0760cdccb47d99c
G:\\My Drive\\Pitch Decks,G:\\My Drive\\Pitch Decks\PROPRIETARY\NIKET NA Q-SMEC Cu Au Mo Porphyry Mining Sensor Use Case Proposal FINAL PROPRIETARY - 20251021.pptx,.pptx,122521,2025-10-21T12:01:01.088000,0ba3f9adf30d0d07468881f1f40643dc75b2add9
G:\\My Drive\\Pitch Decks,G:\\My Drive\\Pitch Decks\PROPRIETARY\desktop.ini,.ini,246,2025-12-02T13:08:42.880662,41ef670eb8c90a48e77f3b30e1423a004f4594b9
G:\\My Drive\\Pitch Decks,G:\\My Drive\\Pitch Decks\Pictures\alex-dely.jpg,.jpg,83794,2025-10-13T14:57:26.074000,ef87c5789de2dbbd9a417970c49ce7d6083e7dbb
G:\\My Drive\\Pitch Decks,G:\\My Drive\\Pitch Decks\Pictures\Bill Hayes.jpg,.jpg,187821,2025-10-13T15:06:33.284000,5a0a28374a7a88ff84b5da8b340df2e9ae0b1e70
G:\\My Drive\\Pitch Decks,G:\\My Drive\\Pitch Decks\Pictures\desktop.ini,.ini,246,2025-12-02T13:08:42.880662,41ef670eb8c90a48e77f3b30e1423a004f4594b9
G:\\My Drive\\Pitch Decks,G:\\My Drive\\Pitch Decks\.git\description,,73,2025-12-01T12:57:04.960000,9635f1b7e12c045212819dd934d809ef07efa2f4
G:\\My Drive\\Pitch Decks,G:\\My Drive\\Pitch Decks\.git\config,,300,2025-12-01T13:46:35.025000,865b8f06e18f433be872e8ba1521c2f129a379f6
G:\\My Drive\\Pitch Decks,G:\\My Drive\\Pitch Decks\.git\HEAD,,21,2025-12-01T12:57:05.309000,9f1df7eea4156be8a871c292b549b3325e425aa2
G:\\My Drive\\Pitch Decks,G:\\My Drive\\Pitch Decks\.git\index,,12537,2025-12-01T13:46:20.677000,6aa0fc240c9c9c3b97afe1d4311f04423ff612da
G:\\My Drive\\Pitch Decks,G:\\My Drive\\Pitch Decks\.git\COMMIT_EDITMSG,,39,2025-12-01T13:46:20.691000,bcf03c6c0656909140695d50e86c4bf4bf826c1b
G:\\My Drive\\Pitch Decks,G:\\My Drive\\Pitch Decks\.git\desktop.ini,.ini,246,2025-12-02T13:08:42.880662,41ef670eb8c90a48e77f3b30e1423a004f4594b9
G:\\My Drive\\Pitch Decks,G:\\My Drive\\Pitch Decks\.git\hooks\applypatch-msg.sample,.sample,478,2025-12-01T12:57:04.972000,4de88eb95a5e93fd27e78b5fb3b5231a8d8917dd
G:\\My Drive\\Pitch Decks,G:\\My Drive\\Pitch Decks\.git\hooks\commit-msg.sample,.sample,896,2025-12-01T12:57:04.979000,ee1ed5aad98a435f2020b6de35c173b75d9affac
G:\\My Drive\\Pitch Decks,G:\\My Drive\\Pitch Decks\.git\hooks\fsmonitor-watchman.sample,.sample,4726,2025-12-01T12:57:04.987000,0ec0ec9ac11111433d17ea79e0ae8cec650dcfa4
G:\\My Drive\\Pitch Decks,G:\\My Drive\\Pitch Decks\.git\hooks\post-update.sample,.sample,189,2025-12-01T12:57:05,b614c2f63da7dca9f1db2e7ade61ef30448fc96c
G:\\My Drive\\Pitch Decks,G:\\My Drive\\Pitch Decks\.git\hooks\pre-applypatch.sample,.sample,424,2025-12-01T12:57:05.007000,f208287c1a92525de9f5462e905a9d31de1e2d75
G:\\My Drive\\Pitch Decks,G:\\My Drive\\Pitch Decks\.git\hooks\pre-commit.sample,.sample,1649,2025-12-01T12:57:05.013000,8093d68e142db52dcab2215e770ba0bbe4cfbf24
G:\\My Drive\\Pitch Decks,G:\\My Drive\\Pitch Decks\.git\hooks\pre-merge-commit.sample,.sample,416,2025-12-01T12:57:05.021000,04c64e58bc25c149482ed45dbd79e40effb89eb7
G:\\My Drive\\Pitch Decks,G:\\My Drive\\Pitch Decks\.git\hooks\pre-push.sample,.sample,1374,2025-12-01T12:57:05.029000,a599b773b930ca83dbc3a5c7c13059ac4a6eaedc
G:\\My Drive\\Pitch Decks,G:\\My Drive\\Pitch Decks\.git\hooks\pre-rebase.sample,.sample,4898,2025-12-01T12:57:05.036000,288efdc0027db4cfd8b7c47c4aeddba09b6ded12
G:\\My Drive\\Pitch Decks,G:\\My Drive\\Pitch Decks\.git\hooks\pre-receive.sample,.sample,544,2025-12-01T12:57:05.042000,705a17d259e7896f0082fe2e9f2c0c3b127be5ac
G:\\My Drive\\Pitch Decks,G:\\My Drive\\Pitch Decks\.git\hooks\prepare-commit-msg.sample,.sample,1492,2025-12-01T12:57:05.048000,2584806ba147152ae005cb675aa4f01d5d068456
G:\\My Drive\\Pitch Decks,G:\\My Drive\\Pitch Decks\.git\hooks\push-to-checkout.sample,.sample,2783,2025-12-01T12:57:05.056000,508240328c8b55f8157c93c43bf5e291e5d2fbcb
G:\\My Drive\\Pitch Decks,G:\\My Drive\\Pitch Decks\.git\hooks\sendemail-validate.sample,.sample,2308,2025-12-01T12:57:05.062000,74cf1d5415a5c03c110240f749491297d65c4c98
G:\\My Drive\\Pitch Decks,G:\\My Drive\\Pitch Decks\.git\hooks\update.sample,.sample,3650,2025-12-01T12:57:05.070000,730e6bd5225478bab6147b7a62a6e2ae21d40507
G:\\My Drive\\Pitch Decks,G:\\My Drive\\Pitch Decks\.git\hooks\desktop.ini,.ini,246,2025-12-02T13:08:42.880662,41ef670eb8c90a48e77f3b30e1423a004f4594b9
G:\\My Drive\\Pitch Decks,G:\\My Drive\\Pitch Decks\.git\info\exclude,,240,2025-12-01T12:57:05.080000,c879df015d97615050afa7b9641e3352a1e701ac
G:\\My Drive\\Pitch Decks,G:\\My Drive\\Pitch Decks\.git\info\desktop.ini,.ini,246,2025-12-02T13:08:42.880662,41ef670eb8c90a48e77f3b30e1423a004f4594b9
G:\\My Drive\\Pitch Decks,G:\\My Drive\\Pitch Decks\.git\refs\desktop.ini,.ini,246,2025-12-02T13:08:42.880662,41ef670eb8c90a48e77f3b30e1423a004f4594b9
G:\\My Drive\\Pitch Decks,G:\\My Drive\\Pitch Decks\.git\refs\heads\main,,41,2025-12-01T13:46:20.742000,eb8b53917482884297e67f0d9073668124b1ca63
G:\\My Drive\\Pitch Decks,G:\\My Drive\\Pitch Decks\.git\refs\heads\desktop.ini,.ini,246,2025-12-02T13:08:42.880662,41ef670eb8c90a48e77f3b30e1423a004f4594b9
G:\\My Drive\\Pitch Decks,G:\\My Drive\\Pitch Decks\.git\refs\tags\desktop.ini,.ini,246,2025-12-02T13:08:42.880662,41ef670eb8c90a48e77f3b30e1423a004f4594b9
G:\\My Drive\\Pitch Decks,G:\\My Drive\\Pitch Decks\.git\refs\remotes\desktop.ini,.ini,246,2025-12-02T13:08:42.880662,41ef670eb8c90a48e77f3b30e1423a004f4594b9
G:\\My Drive\\Pitch Decks,G:\\My Drive\\Pitch Decks\.git\refs\remotes\origin\main,,41,2025-12-01T13:46:35.059000,eb8b53917482884297e67f0d9073668124b1ca63
G:\\My Drive\\Pitch Decks,G:\\My Drive\\Pitch Decks\.git\refs\remotes\origin\desktop.ini,.ini,246,2025-12-02T13:08:42.880662,41ef670eb8c90a48e77f3b30e1423a004f4594b9
G:\\My Drive\\Pitch Decks,G:\\My Drive\\Pitch Decks\.git\objects\desktop.ini,.ini,246,2025-12-02T13:08:42.880662,41ef670eb8c90a48e77f3b30e1423a004f4594b9
G:\\My Drive\\Pitch Decks,G:\\My Drive\\Pitch Decks\.git\objects\pack\desktop.ini,.ini,246,2025-12-02T13:08:42.880662,41ef670eb8c90a48e77f3b30e1423a004f4594b9
G:\\My Drive\\Pitch Decks,G:\\My Drive\\Pitch Decks\.git\objects\info\desktop.ini,.ini,246,2025-12-02T13:08:42.880662,41ef670eb8c90a48e77f3b30e1423a004f4594b9
G:\\My Drive\\Pitch Decks,G:\\My Drive\\Pitch Decks\.git\objects\d8\d11c658ca6b0d1fb54e6af9784d33798ef2611,,162,2025-12-01T13:09:02.917000,5239c239ae4b01bcf3e2db9676d33196361e517e
G:\\My Drive\\Pitch Decks,G:\\My Drive\\Pitch Decks\.git\objects\d8\desktop.ini,.ini,246,2025-12-02T13:08:42.880662,41ef670eb8c90a48e77f3b30e1423a004f4594b9
G:\\My Drive\\Pitch Decks,G:\\My Drive\\Pitch Decks\.git\objects\92\9157d05cd5f4daaadb8e3686b22c1c630f7942,,27858,2025-12-01T13:09:02.938000,4f23484ea4bc7ab7f0cb9479d5d21d8e7115a215
G:\\My Drive\\Pitch Decks,G:\\My Drive\\Pitch Decks\.git\objects\92\desktop.ini,.ini,246,2025-12-02T13:08:42.880662,41ef670eb8c90a48e77f3b30e1423a004f4594b9
G:\\My Drive\\Pitch Decks,G:\\My Drive\\Pitch Decks\.git\objects\ad\ba4c7b6f12b523ca41e82b4542ba69f8163a49,,34738,2025-12-01T13:09:02.959000,30a3146c320f94f935c7b46de4ad9e8c6fd74a5b
G:\\My Drive\\Pitch Decks,G:\\My Drive\\Pitch Decks\.git\objects\ad\desktop.ini,.ini,246,2025-12-02T13:08:42.880662,41ef670eb8c90a48e77f3b30e1423a004f4594b9
G:\\My Drive\\Pitch Decks,G:\\My Drive\\Pitch Decks\.git\objects\6d\51a7ddd227571ac711bd84b513d03bbcc458a0,,30010,2025-12-01T13:09:02.979000,348c91b18047cba4e536e148c8178c4e81bcc2fa
G:\\My Drive\\Pitch Decks,G:\\My Drive\\Pitch Decks\.git\objects\6d\8a9cbb58bfa3faf3b31ed83c292290e5a60605,,308,2025-12-01T13:46:20.611000,cb2c822c65c90f61496a719e01242132928a2dca
G:\\My Drive\\Pitch Decks,G:\\My Drive\\Pitch Decks\.git\objects\6d\desktop.ini,.ini,246,2025-12-02T13:08:42.880662,41ef670eb8c90a48e77f3b30e1423a004f4594b9
G:\\My Drive\\Pitch Decks,G:\\My Drive\\Pitch Decks\.git\objects\4f\131efc2984b9b6aa89fce9fc6e3a6741163bd2,,29770,2025-12-01T13:09:03.009000,e65f1f2ad8ed5d02101d045e20913c2bd7e8c766
G:\\My Drive\\Pitch Decks,G:\\My Drive\\Pitch Decks\.git\objects\4f\desktop.ini,.ini,246,2025-12-02T13:08:42.880662,41ef670eb8c90a48e77f3b30e1423a004f4594b9
G:\\My Drive\\Pitch Decks,G:\\My Drive\\Pitch Decks\.git\objects\3e\400a3752a14d4704e2bdc426ce03cc011bb7d3,,78175,2025-12-01T13:09:05.083000,7ce51716b6ec3524ac8341d9366ad2c493e9d405
G:\\My Drive\\Pitch Decks,G:\\My Drive\\Pitch Decks\.git\objects\3e\desktop.ini,.ini,246,2025-12-02T13:08:42.880662,41ef670eb8c90a48e77f3b30e1423a004f4594b9
G:\\My Drive\\Pitch Decks,G:\\My Drive\\Pitch Decks\.git\objects\82\1e32a375e154fe02006178e0bc9a9ad8aab8ba,,5642447,2025-12-01T13:09:05,4996ff4e94c79525b3d4b814d818ea807fe4f3ee
G:\\My Drive\\Pitch Decks,G:\\My Drive\\Pitch Decks\.git\objects\82\31a01dd8c43932d94455666c65ef7471065313,,82287,2025-12-01T13:09:05.072000,9e2d312aab81c81ec8a8dcd6983ca5f73dafc616
G:\\My Drive\\Pitch Decks,G:\\My Drive\\Pitch Decks\.git\objects\82\desktop.ini,.ini,246,2025-12-02T13:08:42.880662,41ef670eb8c90a48e77f3b30e1423a004f4594b9
G:\\My Drive\\Pitch Decks,G:\\My Drive\\Pitch Decks\.git\objects\42\a9a6d81989fc14a957d3faf5293133e72afb75,,87822,2025-12-01T13:09:03.379000,30032dbc722691d6e9ab860901354c304c98a837
G:\\My Drive\\Pitch Decks,G:\\My Drive\\Pitch Decks\.git\objects\42\desktop.ini,.ini,246,2025-12-02T13:08:42.880662,41ef670eb8c90a48e77f3b30e1423a004f4594b9
G:\\My Drive\\Pitch Decks,G:\\My Drive\\Pitch Decks\.git\objects\79\e9e09ef2d46b98e7b11f9a18f4e2fbfab95394,,67346,2025-12-01T13:09:03.403000,047302892bfd8716681c38ccf73a98c1e8487603
G:\\My Drive\\Pitch Decks,G:\\My Drive\\Pitch Decks\.git\objects\79\desktop.ini,.ini,246,2025-12-02T13:08:42.880662,41ef670eb8c90a48e77f3b30e1423a004f4594b9
G:\\My Drive\\Pitch Decks,G:\\My Drive\\Pitch Decks\.git\objects\e2\3f2de1c5578d53244f5f4866b7c36736ba445a,,11447,2025-12-01T13:09:03.423000,61ccb6c833f8174d1bf3d639d5c66741d1528fdf
G:\\My Drive\\Pitch Decks,G:\\My Drive\\Pitch Decks\.git\objects\e2\desktop.ini,.ini,246,2025-12-02T13:08:42.880662,41ef670eb8c90a48e77f3b30e1423a004f4594b9
G:\\My Drive\\Pitch Decks,G:\\My Drive\\Pitch Decks\.git\objects\b8\63fa03c6d426a97ebb85a2be52f98fdefe1d79,,318373,2025-12-01T13:09:03.458000,cca2c4f63782f47ba728b5a78f3de926bde8d371
G:\\My Drive\\Pitch Decks,G:\\My Drive\\Pitch Decks\.git\objects\b8\desktop.ini,.ini,246,2025-12-02T13:08:42.880662,41ef670eb8c90a48e77f3b30e1423a004f4594b9
G:\\My Drive\\Pitch Decks,G:\\My Drive\\Pitch Decks\.git\objects\f9\71255b0acb668d105fd736f950bccb1ff83031,,2868,2025-12-01T13:09:03.477000,a0a105c9bf717c512334577ac4ec2f1cfece4401
G:\\My Drive\\Pitch Decks,G:\\My Drive\\Pitch Decks\.git\objects\f9\desktop.ini,.ini,246,2025-12-02T13:08:42.880662,41ef670eb8c90a48e77f3b30e1423a004f4594b9
G:\\My Drive\\Pitch Decks,G:\\My Drive\\Pitch Decks\.git\objects\d2\6e09db626804ab1c048c507e34167604b1be0e,,83539,2025-12-01T13:09:03.506000,209fac767595124b2bd2a2b981dfb37254a81c7f
G:\\My Drive\\Pitch Decks,G:\\My Drive\\Pitch Decks\.git\objects\d2\desktop.ini,.ini,246,2025-12-02T13:08:42.880662,41ef670eb8c90a48e77f3b30e1423a004f4594b9
G:\\My Drive\\Pitch Decks,G:\\My Drive\\Pitch Decks\.git\objects\35\643f144cf0f505878a3ecb5a7fb917966c2f7e,,83573,2025-12-01T13:09:03.538000,a560dd7d303340f169872a9b8c1ddf17bbee4efc
G:\\My Drive\\Pitch Decks,G:\\My Drive\\Pitch Decks\.git\objects\35\desktop.ini,.ini,246,2025-12-02T13:08:42.880662,41ef670eb8c90a48e77f3b30e1423a004f4594b9
G:\\My Drive\\Pitch Decks,G:\\My Drive\\Pitch Decks\.git\objects\f0\bc2c08d5f374d5058ad571b8dc9a1f0607b026,,81106,2025-12-01T13:09:03.561000,1dad3adb435fdd3d4ff4dccee1ee6e15cc2cc8c4
G:\\My Drive\\Pitch Decks,G:\\My Drive\\Pitch Decks\.git\objects\f0\desktop.ini,.ini,246,2025-12-02T13:08:42.880662,41ef670eb8c90a48e77f3b30e1423a004f4594b9
G:\\My Drive\\Pitch Decks,G:\\My Drive\\Pitch Decks\.git\objects\60\1891ae7558e651eeba0491aef7a5d45e7907db,,83570,2025-12-01T13:09:03.585000,5cfffa79640f7ec1b0a0de9658ef84159b9cb6a8
G:\\My Drive\\Pitch Decks,G:\\My Drive\\Pitch Decks\.git\objects\60\desktop.ini,.ini,246,2025-12-02T13:08:42.880662,41ef670eb8c90a48e77f3b30e1423a004f4594b9
G:\\My Drive\\Pitch Decks,G:\\My Drive\\Pitch Decks\.git\objects\23\886f4e83a04c221a56b93d8199da39b2bd2c78,,6383133,2025-12-01T13:09:05.052000,b0b97f7403e87603db66a0e01689674c8d099320
G:\\My Drive\\Pitch Decks,G:\\My Drive\\Pitch Decks\.git\objects\23\0a98f76c81b46089cc26c3f705c7362cd5f0c0,,156,2025-12-01T13:46:20.462000,b5a057fddc6404230d53daa79b96a49433815933
G:\\My Drive\\Pitch Decks,G:\\My Drive\\Pitch Decks\.git\objects\23\desktop.ini,.ini,246,2025-12-02T13:08:42.880662,41ef670eb8c90a48e77f3b30e1423a004f4594b9
G:\\My Drive\\Pitch Decks,G:\\My Drive\\Pitch Decks\.git\objects\88\df65cfd0fb1d47006cb902cd25b90ed7796523,,654245,2025-12-01T13:09:05.066000,6493b2f3278c2c2d679962f6f62521f1ab337a39
G:\\My Drive\\Pitch Decks,G:\\My Drive\\Pitch Decks\.git\objects\88\desktop.ini,.ini,246,2025-12-02T13:08:42.880662,41ef670eb8c90a48e77f3b30e1423a004f4594b9
G:\\My Drive\\Pitch Decks,G:\\My Drive\\Pitch Decks\.git\objects\12\b84c95c0e9bdbcd489967d59c7ee0abd63acde,,89994,2025-12-01T13:09:05.072000,845c8a806574474c91caa6cd55554ab04dd53ad7
G:\\My Drive\\Pitch Decks,G:\\My Drive\\Pitch Decks\.git\objects\12\488b66065e9587c03ba0fa85beaad657be7361,,77269,2025-12-01T13:09:05.103000,8356559360fd14764abb86e101de2b0f36510bb8
G:\\My Drive\\Pitch Decks,G:\\My Drive\\Pitch Decks\.git\objects\12\fc8d0e1cbc245006edefb8d93ec9e3e1aa28e2,,8100,2025-12-01T13:09:04.352000,b8b70b868c2bd3fe4824d6fb084cb1b041f0cafb
G:\\My Drive\\Pitch Decks,G:\\My Drive\\Pitch Decks\.git\objects\12\desktop.ini,.ini,246,2025-12-02T13:08:42.880662,41ef670eb8c90a48e77f3b30e1423a004f4594b9
G:\\My Drive\\Pitch Decks,G:\\My Drive\\Pitch Decks\.git\objects\3b\2d54b5775c9ed6f58900b5a06150eeb874dc6b,,81018,2025-12-01T13:09:05.093000,5d72b75ace0a50b263ebc0d024a87dfef62e713e
G:\\My Drive\\Pitch Decks,G:\\My Drive\\Pitch Decks\.git\objects\3b\desktop.ini,.ini,246,2025-12-02T13:08:42.880662,41ef670eb8c90a48e77f3b30e1423a004f4594b9
G:\\My Drive\\Pitch Decks,G:\\My Drive\\Pitch Decks\.git\objects\e5\5100836ec97d7b728e3c2f3f120d4cf69c530e,,77434,2025-12-01T13:09:05.098000,0cc9c59db525e715192ede333ec1aea45406a4f9
G:\\My Drive\\Pitch Decks,G:\\My Drive\\Pitch Decks\.git\objects\e5\desktop.ini,.ini,246,2025-12-02T13:08:42.880662,41ef670eb8c90a48e77f3b30e1423a004f4594b9
G:\\My Drive\\Pitch Decks,G:\\My Drive\\Pitch Decks\.git\objects\7a\b5ea3534ebc328b572d466c4997933a52ab7a1,,81254,2025-12-01T13:09:05.103000,f99456ce0e95a55f6252bebf30443bb3e2ba323f
G:\\My Drive\\Pitch Decks,G:\\My Drive\\Pitch Decks\.git\objects\7a\desktop.ini,.ini,246,2025-12-02T13:08:42.880662,41ef670eb8c90a48e77f3b30e1423a004f4594b9
G:\\My Drive\\Pitch Decks,G:\\My Drive\\Pitch Decks\.git\objects\3d\736a86930e305ff2040b5a60781afe4d53f6fb,,81349,2025-12-01T13:09:05.117000,f2bdf15493b768b0031740795da6356f11d4a6d7
G:\\My Drive\\Pitch Decks,G:\\My Drive\\Pitch Decks\.git\objects\3d\desktop.ini,.ini,246,2025-12-02T13:08:42.880662,41ef670eb8c90a48e77f3b30e1423a004f4594b9
G:\\My Drive\\Pitch Decks,G:\\My Drive\\Pitch Decks\.git\objects\71\23b64b51df60a51acef5932670fc80ca0450eb,,77395,2025-12-01T13:09:05.124000,f5c7f42c0c9709cb3ad5f3aede15682cd3d37b64
G:\\My Drive\\Pitch Decks,G:\\My Drive\\Pitch Decks\.git\objects\71\desktop.ini,.ini,246,2025-12-02T13:08:42.880662,41ef670eb8c90a48e77f3b30e1423a004f4594b9
G:\\My Drive\\Pitch Decks,G:\\My Drive\\Pitch Decks\.git\objects\cf\bdccbeff36c8ecec462adfb3f0dd21e4abaacc,,81684,2025-12-01T13:09:05.124000,493868cd36085591f37c8d89be243b34937b9c32
G:\\My Drive\\Pitch Decks,G:\\My Drive\\Pitch Decks\.git\objects\cf\desktop.ini,.ini,246,2025-12-02T13:08:42.880662,41ef670eb8c90a48e77f3b30e1423a004f4594b9
G:\\My Drive\\Pitch Decks,G:\\My Drive\\Pitch Decks\.git\objects\61\5d13e79e6f960295bebb4c0cdb7dae298585d6,,77638,2025-12-01T13:09:05.134000,c297216fd0095b5f276a3261018169f3d504abbb
G:\\My Drive\\Pitch Decks,G:\\My Drive\\Pitch Decks\.git\objects\61\b361e7a1fc3a563519d29df4a4fb09a625e259,,175,2025-12-01T13:46:20.598000,4a060f911c07834e6d568045d0bb0ff431fc8b5f
G:\\My Drive\\Pitch Decks,G:\\My Drive\\Pitch Decks\.git\objects\61\desktop.ini,.ini,246,2025-12-02T13:08:42.880662,41ef670eb8c90a48e77f3b30e1423a004f4594b9
G:\\My Drive\\Pitch Decks,G:\\My Drive\\Pitch Decks\.git\objects\1b\cedd75215bf0f6cbc01b977e50d75e578bb40b,,187122,2025-12-01T13:09:05.175000,0fcb568d134efda81c869826fe815f821342d20b
G:\\My Drive\\Pitch Decks,G:\\My Drive\\Pitch Decks\.git\objects\1b\60a7e2e157755d12f0d47151654851c8074513,,615,2025-12-01T13:46:20.635000,1c80bb937b1bcc2f549f1ed078243c32be9a9390
G:\\My Drive\\Pitch Decks,G:\\My Drive\\Pitch Decks\.git\objects\1b\desktop.ini,.ini,246,2025-12-02T13:08:42.880662,41ef670eb8c90a48e77f3b30e1423a004f4594b9
G:\\My Drive\\Pitch Decks,G:\\My Drive\\Pitch Decks\.git\objects\72\2736826ef3a13a944c97883691a0041b9b4641,,73708,2025-12-01T13:09:05.331000,4052634cb91f9064565037bada92be9f4d5c87bb
G:\\My Drive\\Pitch Decks,G:\\My Drive\\Pitch Decks\.git\objects\72\desktop.ini,.ini,246,2025-12-02T13:08:42.880662,41ef670eb8c90a48e77f3b30e1423a004f4594b9
G:\\My Drive\\Pitch Decks,G:\\My Drive\\Pitch Decks\.git\objects\b9\ea7d8ee80a2c526246e43e50677fc0634bf789,,10659,2025-12-01T13:09:04.311000,2e03c508b88b1e58638b827e7142327dec586402
G:\\My Drive\\Pitch Decks,G:\\My Drive\\Pitch Decks\.git\objects\b9\desktop.ini,.ini,246,2025-12-02T13:08:42.880662,41ef670eb8c90a48e77f3b30e1423a004f4594b9
G:\\My Drive\\Pitch Decks,G:\\My Drive\\Pitch Decks\.git\objects\b6\054ee968dad9debbc9984ced336700462178b6,,12302,2025-12-01T13:09:04.372000,78b797123291a3078d2ff1dbb770931d25207814
G:\\My Drive\\Pitch Decks,G:\\My Drive\\Pitch Decks\.git\objects\b6\desktop.ini,.ini,246,2025-12-02T13:08:42.880662,41ef670eb8c90a48e77f3b30e1423a004f4594b9
G:\\My Drive\\Pitch Decks,G:\\My Drive\\Pitch Decks\.git\objects\13\7fcf5990fd3e530ad503c2a9bde0a949487fdf,,8720,2025-12-01T13:09:04.390000,2022eef280f96cede92f47c409ec2b9ac9075eef
G:\\My Drive\\Pitch Decks,G:\\My Drive\\Pitch Decks\.git\objects\13\desktop.ini,.ini,246,2025-12-02T13:08:42.880662,41ef670eb8c90a48e77f3b30e1423a004f4594b9
G:\\My Drive\\Pitch Decks,G:\\My Drive\\Pitch Decks\.git\objects\1f\786397380e1cd951db641b414e660c45731971,,8902,2025-12-01T13:09:04.408000,df6cc7e53e466ad1122fbaafdf8528aca505686e
G:\\My Drive\\Pitch Decks,G:\\My Drive\\Pitch Decks\.git\objects\1f\desktop.ini,.ini,246,2025-12-02T13:08:42.880662,41ef670eb8c90a48e77f3b30e1423a004f4594b9
G:\\My Drive\\Pitch Decks,G:\\My Drive\\Pitch Decks\.git\objects\e8\6d2c05f1c37f153f627a0e6abb1af9a4df9d92,,6709,2025-12-01T13:09:04.427000,0e5e7efbe948084f5e546107454ae3c5bd176977
G:\\My Drive\\Pitch Decks,G:\\My Drive\\Pitch Decks\.git\objects\e8\desktop.ini,.ini,246,2025-12-02T13:08:42.880662,41ef670eb8c90a48e77f3b30e1423a004f4594b9
G:\\My Drive\\Pitch Decks,G:\\My Drive\\Pitch Decks\.git\objects\bc\0a98ae7951a23b801d51d1caaca80379d0efbd,,6808,2025-12-01T13:09:04.445000,d2c380a56ccd194f6940695c0302399b39e90899
G:\\My Drive\\Pitch Decks,G:\\My Drive\\Pitch Decks\.git\objects\bc\46f70062b995045a91d109daa34bbc1152a1d1,,9383,2025-12-01T13:09:04.562000,9d65394fc1bd2f9ffa181deca10a83981e39b329
G:\\My Drive\\Pitch Decks,G:\\My Drive\\Pitch Decks\.git\objects\bc\desktop.ini,.ini,246,2025-12-02T13:08:42.880662,41ef670eb8c90a48e77f3b30e1423a004f4594b9
G:\\My Drive\\Pitch Decks,G:\\My Drive\\Pitch Decks\.git\objects\20\5913540b4aca8e29d82211949696c9958a3b87,,8890,2025-12-01T13:09:04.465000,edec84c160d25483d83afa3bdc2fcb1b2cd3ef6e
G:\\My Drive\\Pitch Decks,G:\\My Drive\\Pitch Decks\.git\objects\20\desktop.ini,.ini,246,2025-12-02T13:08:42.880662,41ef670eb8c90a48e77f3b30e1423a004f4594b9
G:\\My Drive\\Pitch Decks,G:\\My Drive\\Pitch Decks\.git\objects\a0\98d4969a823a63fccfb6784fabea9273627ae8,,8088,2025-12-01T13:09:04.499000,0e9787cf0202d74cf09293ca001f40ac52a07876
G:\\My Drive\\Pitch Decks,G:\\My Drive\\Pitch Decks\.git\objects\a0\desktop.ini,.ini,246,2025-12-02T13:08:42.880662,41ef670eb8c90a48e77f3b30e1423a004f4594b9
G:\\My Drive\\Pitch Decks,G:\\My Drive\\Pitch Decks\.git\objects\3f\25e76cbc9c90bed8f45269f68e4dc1397ff2dc,,80966,2025-12-01T13:09:04.526000,67694a5803af571d8fb5eba19de93cd272711ef3
G:\\My Drive\\Pitch Decks,G:\\My Drive\\Pitch Decks\.git\objects\3f\desktop.ini,.ini,246,2025-12-02T13:08:42.880662,41ef670eb8c90a48e77f3b30e1423a004f4594b9
G:\\My Drive\\Pitch Decks,G:\\My Drive\\Pitch Decks\.git\objects\83\dedacc9dedda6073fa2bd83e96ea3afa917037,,10924,2025-12-01T13:09:04.601000,314ea48f612d9de3d7cb361f6d82f4b4cd6779b8
G:\\My Drive\\Pitch Decks,G:\\My Drive\\Pitch Decks\.git\objects\83\desktop.ini,.ini,246,2025-12-02T13:08:42.880662,41ef670eb8c90a48e77f3b30e1423a004f4594b9
G:\\My Drive\\Pitch Decks,G:\\My Drive\\Pitch Decks\.git\objects\58\bb36e4a5d7c23ad9ca893c3482d84608b1211a,,1838,2025-12-01T13:09:04.682000,a40ed4f6e93b105132ab4dfccba37554e0d5ecd2
G:\\My Drive\\Pitch Decks,G:\\My Drive\\Pitch Decks\.git\objects\58\desktop.ini,.ini,246,2025-12-02T13:08:42.880662,41ef670eb8c90a48e77f3b30e1423a004f4594b9
G:\\My Drive\\Pitch Decks,G:\\My Drive\\Pitch Decks\.git\objects\90\372ee560fc6aa72fe3c299b35a0f7add3a0e27,,2806,2025-12-01T13:09:04.692000,30eba39313ccfd440f337bef9d5666093110737e
G:\\My Drive\\Pitch Decks,G:\\My Drive\\Pitch Decks\.git\objects\90\e3099332f4a61c0a40d0661ea125d71ec8869c,,220,2025-12-01T13:46:20.416000,f3333c734c6c813e8349a55e5be589bec9f36425
G:\\My Drive\\Pitch Decks,G:\\My Drive\\Pitch Decks\.git\objects\90\desktop.ini,.ini,246,2025-12-02T13:08:42.880662,41ef670eb8c90a48e77f3b30e1423a004f4594b9
G:\\My Drive\\Pitch Decks,G:\\My Drive\\Pitch Decks\.git\objects\98\78f5a42d99341e83e841b7ef4040e4af496a4e,,35554,2025-12-01T13:09:04.698000,8d28f22c86a9a22dbc3ded81ef8ca9032da9b41d
G:\\My Drive\\Pitch Decks,G:\\My Drive\\Pitch Decks\.git\objects\98\desktop.ini,.ini,246,2025-12-02T13:08:42.880662,41ef670eb8c90a48e77f3b30e1423a004f4594b9
G:\\My Drive\\Pitch Decks,G:\\My Drive\\Pitch Decks\.git\objects\ee\a71c6fcbb0f3af69222cb9ac603c113c3b08cf,,7043,2025-12-01T13:09:04.681000,c7a2baef675070886c8497862e6387a975f3a0fe
G:\\My Drive\\Pitch Decks,G:\\My Drive\\Pitch Decks\.git\objects\ee\desktop.ini,.ini,246,2025-12-02T13:08:42.880662,41ef670eb8c90a48e77f3b30e1423a004f4594b9
G:\\My Drive\\Pitch Decks,G:\\My Drive\\Pitch Decks\.git\objects\ec\9523ca8731df92ec63e45dadafe6fcf5acff7e,,4417691,2025-12-01T13:09:04.943000,43f6bace748f894c2ee45205fe024516c692428b
G:\\My Drive\\Pitch Decks,G:\\My Drive\\Pitch Decks\.git\objects\ec\desktop.ini,.ini,246,2025-12-02T13:08:42.880662,41ef670eb8c90a48e77f3b30e1423a004f4594b9
G:\\My Drive\\Pitch Decks,G:\\My Drive\\Pitch Decks\.git\objects\49\685e99c937ff29ba4c091a707240f70c5bbe6f,,178117,2025-12-01T13:09:05.167000,a0a366a0cc0ad051a231da43d4a27d7c8553b51b
G:\\My Drive\\Pitch Decks,G:\\My Drive\\Pitch Decks\.git\objects\49\desktop.ini,.ini,246,2025-12-02T13:08:42.880662,41ef670eb8c90a48e77f3b30e1423a004f4594b9
G:\\My Drive\\Pitch Decks,G:\\My Drive\\Pitch Decks\.git\objects\0f\c47e529855e140e5d0e36148f9335737ec9965,,761764,2025-12-01T13:09:05.232000,6710ea1cb06911cb065c08a0a312ff96e4a9acc9
G:\\My Drive\\Pitch Decks,G:\\My Drive\\Pitch Decks\.git\objects\0f\desktop.ini,.ini,246,2025-12-02T13:08:42.880662,41ef670eb8c90a48e77f3b30e1423a004f4594b9
G:\\My Drive\\Pitch Decks,G:\\My Drive\\Pitch Decks\.git\objects\8d\2fa9c711edb32be3167b8e669528456ec48ee3,,84706,2025-12-01T13:09:05.256000,55f8bc476c924509761db77613170a629460999d
G:\\My Drive\\Pitch Decks,G:\\My Drive\\Pitch Decks\.git\objects\8d\desktop.ini,.ini,246,2025-12-02T13:08:42.880662,41ef670eb8c90a48e77f3b30e1423a004f4594b9
G:\\My Drive\\Pitch Decks,G:\\My Drive\\Pitch Decks\.git\objects\4c\04999190e7e63f6b8a509547c0315df49e3306,,220498,2025-12-01T13:09:05.286000,37fd06228c41ab5204315646cab17a93536616ab
G:\\My Drive\\Pitch Decks,G:\\My Drive\\Pitch Decks\.git\objects\4c\desktop.ini,.ini,246,2025-12-02T13:08:42.880662,41ef670eb8c90a48e77f3b30e1423a004f4594b9
G:\\My Drive\\Pitch Decks,G:\\My Drive\\Pitch Decks\.git\objects\dc\21590cbbb93afcab76e4e31e8782c51da05f90,,319782,2025-12-01T13:09:05.321000,e750a5f5322b11076e7999683b2aea3e6ab21dc4
G:\\My Drive\\Pitch Decks,G:\\My Drive\\Pitch Decks\.git\objects\dc\desktop.ini,.ini,246,2025-12-02T13:08:42.880662,41ef670eb8c90a48e77f3b30e1423a004f4594b9
G:\\My Drive\\Pitch Decks,G:\\My Drive\\Pitch Decks\.git\objects\ff\8467242d56378fe19ce8d0689b4b1f807a96bc,,82669,2025-12-01T13:09:05.351000,a411a3f27ff7c2692cc28786ed250705b4d63d1a
G:\\My Drive\\Pitch Decks,G:\\My Drive\\Pitch Decks\.git\objects\ff\desktop.ini,.ini,246,2025-12-02T13:08:42.880662,41ef670eb8c90a48e77f3b30e1423a004f4594b9
G:\\My Drive\\Pitch Decks,G:\\My Drive\\Pitch Decks\.git\objects\73\1364d080389d9a1e133626137f958c5cc8f2f8,,289512,2025-12-01T13:09:05.398000,1cd4447f89bd7173a4cec3b17255e4478d8e96c9
G:\\My Drive\\Pitch Decks,G:\\My Drive\\Pitch Decks\.git\objects\73\desktop.ini,.ini,246,2025-12-02T13:08:42.880662,41ef670eb8c90a48e77f3b30e1423a004f4594b9
G:\\My Drive\\Pitch Decks,G:\\My Drive\\Pitch Decks\.git\objects\00\9324868530d480533177ddccafea0b3e524d5f,,122635,2025-12-01T13:09:05.424000,0c4f20b35877aabc14ac5c4cc045b3aa1d046c93
G:\\My Drive\\Pitch Decks,G:\\My Drive\\Pitch Decks\.git\objects\00\desktop.ini,.ini,246,2025-12-02T13:08:42.880662,41ef670eb8c90a48e77f3b30e1423a004f4594b9
G:\\My Drive\\Pitch Decks,G:\\My Drive\\Pitch Decks\.git\objects\65\90eda035c46bb47ab2a18f7c9a8555d437a486,,1848613,2025-12-01T13:09:05.538000,cc91b439e047b8fc509d3a2467765dac39e2ca79
G:\\My Drive\\Pitch Decks,G:\\My Drive\\Pitch Decks\.git\objects\65\desktop.ini,.ini,246,2025-12-02T13:08:42.880662,41ef670eb8c90a48e77f3b30e1423a004f4594b9
G:\\My Drive\\Pitch Decks,G:\\My Drive\\Pitch Decks\.git\objects\bf\b4dad9f00808b06861e18af7feb4693b2531f7,,113,2025-12-01T13:46:20.620000,3caf64497c65bee7bea2eec78aa15d9b89721f56
G:\\My Drive\\Pitch Decks,G:\\My Drive\\Pitch Decks\.git\objects\bf\desktop.ini,.ini,246,2025-12-02T13:08:42.880662,41ef670eb8c90a48e77f3b30e1423a004f4594b9
G:\\My Drive\\Pitch Decks,G:\\My Drive\\Pitch Decks\.git\objects\d3\2594fd10fb186b0a0281a104b6d169ba6cffe6,,308,2025-12-01T13:46:20.452000,4a2aefd90a8b8891a192218dfe513dea9fb2d450
G:\\My Drive\\Pitch Decks,G:\\My Drive\\Pitch Decks\.git\objects\d3\desktop.ini,.ini,246,2025-12-02T13:08:42.880662,41ef670eb8c90a48e77f3b30e1423a004f4594b9
G:\\My Drive\\Pitch Decks,G:\\My Drive\\Pitch Decks\.git\objects\9c\0bf705ae59d36ea036f783f04d026ddcbd4796,,128,2025-12-01T13:46:20.477000,7f3ffa8bbf88b202034ceabf5b830862b29c6c18
G:\\My Drive\\Pitch Decks,G:\\My Drive\\Pitch Decks\.git\objects\9c\desktop.ini,.ini,246,2025-12-02T13:08:42.880662,41ef670eb8c90a48e77f3b30e1423a004f4594b9
G:\\My Drive\\Pitch Decks,G:\\My Drive\\Pitch Decks\.git\objects\96\714f913ebb5722508412a6fdf88c06be553e25,,107,2025-12-01T13:46:20.492000,0d698238a7f43ad7801de415dbbc0493ee567319
G:\\My Drive\\Pitch Decks,G:\\My Drive\\Pitch Decks\.git\objects\96\desktop.ini,.ini,246,2025-12-02T13:08:42.880662,41ef670eb8c90a48e77f3b30e1423a004f4594b9
G:\\My Drive\\Pitch Decks,G:\\My Drive\\Pitch Decks\.git\objects\e9\7015797be2a9b865c11350598ca8aebfab7872,,165,2025-12-01T13:46:20.508000,baba3f3e526db554c693b634a6f92b845828843b
G:\\My Drive\\Pitch Decks,G:\\My Drive\\Pitch Decks\.git\objects\e9\desktop.ini,.ini,246,2025-12-02T13:08:42.880662,41ef670eb8c90a48e77f3b30e1423a004f4594b9
G:\\My Drive\\Pitch Decks,G:\\My Drive\\Pitch Decks\.git\objects\85\ed1f076ad24e18c3af20c315e5eb9a5fca3cba,,282,2025-12-01T13:46:20.524000,6bb513bfa0ff58d870897a11e5117cd8d5a149ae
G:\\My Drive\\Pitch Decks,G:\\My Drive\\Pitch Decks\.git\objects\85\desktop.ini,.ini,246,2025-12-02T13:08:42.880662,41ef670eb8c90a48e77f3b30e1423a004f4594b9
G:\\My Drive\\Pitch Decks,G:\\My Drive\\Pitch Decks\.git\objects\2d\fd5aa68d13be252fec74d89e1e39b11cfe9b20,,645,2025-12-01T13:46:20.620000,7d5eb68151fa2b8d4410e4a4ca6948869ffbd0cb
G:\\My Drive\\Pitch Decks,G:\\My Drive\\Pitch Decks\.git\objects\2d\desktop.ini,.ini,246,2025-12-02T13:08:42.880662,41ef670eb8c90a48e77f3b30e1423a004f4594b9
G:\\My Drive\\Pitch Decks,G:\\My Drive\\Pitch Decks\.git\objects\6b\28b5c5bf2ced6b237e92ac5590ec5c18555c36,,93,2025-12-01T13:46:20.565000,e0f0dc15f2b915b4894f6fd36c7d7d3a99d6302f
G:\\My Drive\\Pitch Decks,G:\\My Drive\\Pitch Decks\.git\objects\6b\desktop.ini,.ini,246,2025-12-02T13:08:42.880662,41ef670eb8c90a48e77f3b30e1423a004f4594b9
G:\\My Drive\\Pitch Decks,G:\\My Drive\\Pitch Decks\.git\objects\a3\51a150086129cd3a657f9577fb1cb8125c6522,,676,2025-12-01T13:46:20.586000,e35d32220a0640b364beee79aee4f98ced76cc7f
G:\\My Drive\\Pitch Decks,G:\\My Drive\\Pitch Decks\.git\objects\a3\desktop.ini,.ini,246,2025-12-02T13:08:42.880662,41ef670eb8c90a48e77f3b30e1423a004f4594b9
G:\\My Drive\\Pitch Decks,G:\\My Drive\\Pitch Decks\.git\objects\43\2aaa8950733811ce934dba5ce3ebd11faead3c,,249,2025-12-01T13:46:20.651000,1abe0437fb83a646bd18b939ebed64f2738a2ef5
G:\\My Drive\\Pitch Decks,G:\\My Drive\\Pitch Decks\.git\objects\43\desktop.ini,.ini,246,2025-12-02T13:08:42.880662,41ef670eb8c90a48e77f3b30e1423a004f4594b9
G:\\My Drive\\Pitch Decks,G:\\My Drive\\Pitch Decks\.git\objects\d4\f4ec0df750b31c9483b0151cceb41761774553,,448,2025-12-01T13:46:20.669000,681cba71c9a6550e160711fc9606b41da42ba73d
G:\\My Drive\\Pitch Decks,G:\\My Drive\\Pitch Decks\.git\objects\d4\desktop.ini,.ini,246,2025-12-02T13:08:42.880662,41ef670eb8c90a48e77f3b30e1423a004f4594b9
G:\\My Drive\\Pitch Decks,G:\\My Drive\\Pitch Decks\.git\objects\25\e0d63f0a6eba1c09c4b68fbf007ed2d1f4d26b,,157,2025-12-01T13:46:20.709000,847714c00d0c7bbfaf785df60836df4fde5b7b78
G:\\My Drive\\Pitch Decks,G:\\My Drive\\Pitch Decks\.git\objects\25\desktop.ini,.ini,246,2025-12-02T13:08:42.880662,41ef670eb8c90a48e77f3b30e1423a004f4594b9
G:\\My Drive\\Pitch Decks,G:\\My Drive\\Pitch Decks\.git\logs\HEAD,,198,2025-12-01T13:46:20.753000,a1b928c38366139126e48b907d43a37ac0941026
G:\\My Drive\\Pitch Decks,G:\\My Drive\\Pitch Decks\.git\logs\desktop.ini,.ini,246,2025-12-02T13:08:42.880662,41ef670eb8c90a48e77f3b30e1423a004f4594b9
G:\\My Drive\\Pitch Decks,G:\\My Drive\\Pitch Decks\.git\logs\refs\desktop.ini,.ini,246,2025-12-02T13:08:42.880662,41ef670eb8c90a48e77f3b30e1423a004f4594b9
G:\\My Drive\\Pitch Decks,G:\\My Drive\\Pitch Decks\.git\logs\refs\heads\main,,198,2025-12-01T13:46:20.768000,a1b928c38366139126e48b907d43a37ac0941026
G:\\My Drive\\Pitch Decks,G:\\My Drive\\Pitch Decks\.git\logs\refs\heads\desktop.ini,.ini,246,2025-12-02T13:08:42.880662,41ef670eb8c90a48e77f3b30e1423a004f4594b9
G:\\My Drive\\Pitch Decks,G:\\My Drive\\Pitch Decks\.git\logs\refs\remotes\desktop.ini,.ini,246,2025-12-02T13:08:42.880662,41ef670eb8c90a48e77f3b30e1423a004f4594b9
G:\\My Drive\\Pitch Decks,G:\\My Drive\\Pitch Decks\.git\logs\refs\remotes\origin\main,,156,2025-12-01T13:46:35.076000,8cec56fd3475fc18ee7b2e33c1b10ddc750a420a
G:\\My Drive\\Pitch Decks,G:\\My Drive\\Pitch Decks\.git\logs\refs\remotes\origin\desktop.ini,.ini,246,2025-12-02T13:08:42.880662,41ef670eb8c90a48e77f3b30e1423a004f4594b9
G:\\My Drive\\Q-SMEC Overall DB,G:\\My Drive\\Q-SMEC Overall DB\niket_factual_database.db,.db,184320,2025-11-04T13:11:53.781000,dc2efb4324b74284002a231c1c5e12b828913960
G:\\My Drive\\Q-SMEC Overall DB,G:\\My Drive\\Q-SMEC Overall DB\niket_enhanced_factual_database.db,.db,57344,2025-11-04T13:26:34.721000,668cc1ec6ec27d590dd6d31c6628a4132d69af0a
G:\\My Drive\\Q-SMEC Overall DB,G:\\My Drive\\Q-SMEC Overall DB\niket_consolidated_database.db,.db,348160,2025-11-17T10:01:20.207000,23c58165ce94c3f0de6cf990854b941e3abfee76
G:\\My Drive\\Q-SMEC Overall DB,G:\\My Drive\\Q-SMEC Overall DB\qsmec_knowledge_base.db,.db,57344,2025-11-17T09:58:25.880000,9ea096d7ca404ce82c1dbd96b92eb6898b22bebd
